image_path,current_class,issue_type,confidence,recommended_action,notes
ml/datasets/fruit_dataset_26/images/train/000000003779.jpg,grape,vision_people_without_fruit_signal,vision_people_0.654,manual_review,Vision top labels: drink=0.921; liquid=0.921; wine=0.921; red_wine=0.921; tableware=0.896
ml/datasets/fruit_dataset_26/images/train/000000004441.jpg,apple,vision_people_without_fruit_signal,vision_people_0.717,manual_review,Vision top labels: people=0.717; adult=0.716; machine=0.261; consumer_electronics=0.261; teen=0.210
ml/datasets/fruit_dataset_26/images/train/000000005589.jpg,apple,vision_nonfruit_signal,vision_computer_0.940,exclude_from_training,Vision top labels: computer=0.940; consumer_electronics=0.940; machine=0.940; computer_keyboard=0.910; structure=0.723
ml/datasets/fruit_dataset_26/images/train/000000007318.jpg,persimmon,vision_people_without_fruit_signal,vision_people_0.883,manual_review,Vision top labels: people=0.883; adult=0.883; optical_equipment=0.788; eyeglasses=0.703; sunglasses=0.657
ml/datasets/fruit_dataset_26/images/train/000000007367.jpg,pear|peach,vision_fruit_class_disagreement,vision_mango_0.769,manual_review,Vision top labels: food=0.913; fruit=0.913; banana=0.853; mango=0.769; material=0.226
ml/datasets/fruit_dataset_26/images/train/000000010476.jpg,apple,vision_nonfruit_signal,vision_computer_0.704,manual_review,Vision top labels: machine=0.704; consumer_electronics=0.704; computer=0.704; computer_monitor=0.678; structure=0.484
ml/datasets/fruit_dataset_26/images/train/000000011485.jpg,apple,vision_nonfruit_signal,vision_bedding_0.952,exclude_from_training,Vision top labels: bedding=0.952; housewares=0.952; structure=0.940; furniture=0.937; bed=0.936
ml/datasets/fruit_dataset_26/images/train/000000014036.jpg,pear,vision_people_without_fruit_signal,vision_people_0.820,manual_review,Vision top labels: people=0.820; adult=0.817; structure=0.551; wood_processed=0.425; teen=0.301
ml/datasets/fruit_dataset_26/images/train/000000015947.jpg,apple|pear,vision_nonfruit_signal,vision_furniture_0.802,manual_review,Vision top labels: structure=0.975; wood_processed=0.945; furniture=0.802; cabinet=0.765; conveyance=0.639
ml/datasets/fruit_dataset_26/images/train/000000016680.jpg,pear,vision_nonfruit_signal,vision_art_0.577,manual_review,Vision top labels: art=0.577; illustrations=0.577; structure=0.176; sign=0.176; wood_processed=0.146
ml/datasets/fruit_dataset_26/images/train/000000017573.jpg,pear,vision_nonfruit_signal,vision_clothing_0.884,exclude_from_training,Vision top labels: clothing=0.884; jeans=0.884; machine=0.564; vehicle=0.557; bicycle=0.546
ml/datasets/fruit_dataset_26/images/train/000000018563.jpg,pear,vision_people_without_fruit_signal,vision_people_0.749,manual_review,Vision top labels: people=0.749; adult=0.748; structure=0.722; furniture=0.674; cabinet=0.674
ml/datasets/fruit_dataset_26/images/train/000000018571.jpg,apple,vision_nonfruit_signal,vision_computer_0.584,manual_review,Vision top labels: machine=0.584; consumer_electronics=0.584; computer=0.584; laptop=0.522; document=0.494
ml/datasets/fruit_dataset_26/images/train/000000020279.jpg,apple,vision_people_without_fruit_signal,vision_people_0.645,manual_review,Vision top labels: consumer_electronics=0.673; machine=0.673; computer=0.672; laptop=0.672; people=0.645
ml/datasets/fruit_dataset_26/images/train/000000020376.jpg,apple,vision_people_without_fruit_signal,vision_people_0.960,manual_review,Vision top labels: people=0.960; adult=0.950; lamp=0.901; light=0.901; eyeglasses=0.746
ml/datasets/fruit_dataset_26/images/train/000000020966.jpg,apple|pear,vision_people_without_fruit_signal,vision_people_0.738,manual_review,Vision top labels: people=0.738; adult=0.738; animal=0.307; mammal=0.307; ungulates=0.307
ml/datasets/fruit_dataset_26/images/train/000000021020.jpg,pear,vision_nonfruit_signal,vision_furniture_0.835,manual_review,Vision top labels: structure=0.926; furniture=0.835; cabinet=0.835; conveyance=0.824; portal=0.824
ml/datasets/fruit_dataset_26/images/train/000000021292.jpg,pear,vision_people_without_fruit_signal,vision_people_0.718,manual_review,Vision top labels: people=0.718; child=0.717; structure=0.665; furniture=0.665; cabinet=0.665
ml/datasets/fruit_dataset_26/images/train/000000022374.jpg,apple,vision_nonfruit_signal,vision_animal_0.726,manual_review,Vision top labels: structure=0.892; wood_processed=0.892; animal=0.726; cat=0.726; feline=0.726
ml/datasets/fruit_dataset_26/images/train/000000022708.jpg,persimmon,vision_nonfruit_signal,vision_furniture_0.653,manual_review,Vision top labels: structure=0.902; wood_processed=0.875; tableware=0.866; utensil=0.866; plate=0.865
ml/datasets/fruit_dataset_26/images/train/000000023054.jpg,pear,vision_people_without_fruit_signal,vision_people_0.871,manual_review,Vision top labels: people=0.871; adult=0.871; structure=0.490; conveyance=0.490; stairs=0.490
ml/datasets/fruit_dataset_26/images/train/000000023117.jpg,apple,vision_people_without_fruit_signal,vision_people_0.924,manual_review,Vision top labels: people=0.924; adult=0.903; umbrella=0.719; utensil=0.719; crowd=0.658
ml/datasets/fruit_dataset_26/images/train/000000024428.jpg,pear,vision_people_without_fruit_signal,vision_people_0.693,manual_review,Vision top labels: outdoor=0.718; sky=0.716; blue_sky=0.716; people=0.693; adult=0.612
ml/datasets/fruit_dataset_26/images/train/000000024849.jpg,apple,vision_people_without_fruit_signal,vision_people_0.935,manual_review,Vision top labels: appliance=0.953; machine=0.953; stove=0.946; people=0.935; adult=0.890
ml/datasets/fruit_dataset_26/images/train/000000025167.jpg,persimmon,vision_people_without_fruit_signal,vision_people_0.894,manual_review,Vision top labels: adult=0.894; people=0.894; clothing=0.690; apron=0.690; structure=0.285
ml/datasets/fruit_dataset_26/images/train/000000025234.jpg,pear,vision_people_without_fruit_signal,vision_people_0.859,manual_review,Vision top labels: outdoor=0.965; sky=0.965; cloudy=0.911; blue_sky=0.870; people=0.859
ml/datasets/fruit_dataset_26/images/train/000000026052.jpg,persimmon,vision_nonfruit_signal,vision_furniture_0.738,manual_review,Vision top labels: tableware=0.976; utensil=0.976; structure=0.966; wood_processed=0.951; drinking_glass=0.913
ml/datasets/fruit_dataset_26/images/train/000000026263.jpg,pear,vision_nonfruit_signal,vision_document_0.933,exclude_from_training,Vision top labels: document=0.933; handwriting=0.933; food=0.138; fruit=0.138; banana=0.138
ml/datasets/fruit_dataset_26/images/train/000000026529.jpg,orange,vision_people_without_fruit_signal,vision_people_0.820,manual_review,Vision top labels: recreation=0.938; sport=0.938; winter_sport=0.918; skiing=0.918; frozen=0.875
ml/datasets/fruit_dataset_26/images/train/000000027348.jpg,pear,vision_people_without_fruit_signal,vision_people_0.904,manual_review,Vision top labels: people=0.904; adult=0.904; structure=0.486; furniture=0.470; table=0.470
ml/datasets/fruit_dataset_26/images/train/000000028881.jpg,strawberry,vision_people_without_fruit_signal,vision_people_0.882,manual_review,Vision top labels: grass=0.921; land=0.921; outdoor=0.921; people=0.882; adult=0.882
ml/datasets/fruit_dataset_26/images/train/000000030387.jpg,grape,vision_people_without_fruit_signal,vision_people_0.898,manual_review,Vision top labels: people=0.898; adult=0.897; clothing=0.892; suit=0.892; art=0.813
ml/datasets/fruit_dataset_26/images/train/000000032236.jpg,mulberry|strawberry,vision_people_without_fruit_signal,vision_people_0.711,manual_review,Vision top labels: people=0.711; adult=0.711; machine=0.542; wheel=0.540; tire=0.536
ml/datasets/fruit_dataset_26/images/train/000000032699.jpg,pear,vision_nonfruit_signal,vision_furniture_0.934,manual_review,Vision top labels: structure=0.980; furniture=0.934; cabinet=0.934; wood_processed=0.894; interior_room=0.704
ml/datasets/fruit_dataset_26/images/train/000000032829.jpg,pear,vision_people_without_fruit_signal,vision_people_0.930,manual_review,Vision top labels: adult=0.930; people=0.930; clothing=0.813; scarf=0.803; container=0.687
ml/datasets/fruit_dataset_26/images/train/000000034570.jpg,apple|pear,vision_people_without_fruit_signal,vision_people_0.783,manual_review,Vision top labels: clothing=0.858; suit=0.834; people=0.783; adult=0.761; necktie=0.580
ml/datasets/fruit_dataset_26/images/train/000000034825.jpg,apple,vision_nonfruit_signal,vision_bedding_0.638,manual_review,Vision top labels: bedding=0.638; housewares=0.638; tool=0.583; pillow=0.583; bedroom=0.326
ml/datasets/fruit_dataset_26/images/train/000000036091.jpg,pear,vision_nonfruit_signal,vision_furniture_0.918,manual_review,Vision top labels: structure=0.970; furniture=0.918; cabinet=0.918; appliance=0.853; machine=0.853
ml/datasets/fruit_dataset_26/images/train/000000036953.jpg,apple|pear,vision_nonfruit_signal,vision_furniture_0.865,manual_review,Vision top labels: structure=0.912; furniture=0.865; cabinet=0.829; wood_processed=0.650; table=0.638
ml/datasets/fruit_dataset_26/images/train/000000037286.jpg,pear,vision_people_without_fruit_signal,vision_people_0.953,manual_review,Vision top labels: people=0.953; adult=0.937; structure=0.849; outdoor=0.829; cloudy=0.829
ml/datasets/fruit_dataset_26/images/train/000000037999.jpg,pear,vision_nonfruit_signal,vision_animal_0.663,manual_review,Vision top labels: animal=0.663; bird=0.663; parrot=0.640; structure=0.495; wood_natural=0.495
ml/datasets/fruit_dataset_26/images/train/000000040830.jpg,cherry,vision_people_without_fruit_signal,vision_people_0.917,manual_review,Vision top labels: people=0.917; adult=0.917; appliance=0.593; machine=0.593; stove=0.593
ml/datasets/fruit_dataset_26/images/train/000000040940.jpg,orange|pear,vision_people_without_fruit_signal,vision_people_0.876,manual_review,Vision top labels: people=0.876; child=0.863; adult=0.524; interior_room=0.362; interior_shop=0.362
ml/datasets/fruit_dataset_26/images/train/000000041252.jpg,apple|pear,vision_people_without_fruit_signal,vision_people_0.921,manual_review,Vision top labels: material=0.929; brick=0.928; people=0.921; adult=0.921; structure=0.883
ml/datasets/fruit_dataset_26/images/train/000000042371.jpg,grape,vision_people_without_fruit_signal,vision_people_0.861,manual_review,Vision top labels: machine=0.937; vehicle=0.937; wagon=0.937; animal=0.920; mammal=0.920
ml/datasets/fruit_dataset_26/images/train/000000043753.jpg,pear,vision_people_without_fruit_signal,vision_people_0.914,manual_review,Vision top labels: adult=0.914; people=0.914; container=0.324; bottle=0.322; clothing=0.208
ml/datasets/fruit_dataset_26/images/train/000000046090.jpg,apple,vision_nonfruit_signal,vision_animal_0.752,manual_review,Vision top labels: structure=0.833; wood_processed=0.833; tableware=0.755; utensil=0.755; plate=0.755
ml/datasets/fruit_dataset_26/images/train/000000047074.jpg,apple|pear,vision_people_without_fruit_signal,vision_people_0.464,manual_review,Vision top labels: structure=0.540; furniture=0.540; cabinet=0.540; clothing=0.513; jeans=0.513
ml/datasets/fruit_dataset_26/images/train/000000047333.jpg,grape,vision_nonfruit_signal,vision_furniture_0.556,manual_review,Vision top labels: structure=0.748; wood_processed=0.689; furniture=0.556; table=0.556; conveyance=0.371
ml/datasets/fruit_dataset_26/images/train/000000050597.jpg,pear,vision_people_without_fruit_signal,vision_people_0.910,manual_review,Vision top labels: people=0.910; child=0.910; clothing=0.472; material=0.342; textile=0.342
ml/datasets/fruit_dataset_26/images/train/000000051639.jpg,orange,vision_nonfruit_signal,vision_furniture_0.817,manual_review,Vision top labels: consumer_electronics=0.950; machine=0.950; television=0.950; structure=0.919; wood_processed=0.834
ml/datasets/fruit_dataset_26/images/train/000000051663.jpg,persimmon,vision_people_without_fruit_signal,vision_people_0.905,manual_review,Vision top labels: people=0.905; adult=0.905; utensil=0.866; tableware=0.866; plate=0.803
ml/datasets/fruit_dataset_26/images/train/000000052760.jpg,pear,vision_nonfruit_signal,vision_animal_0.952,exclude_from_training,Vision top labels: animal=0.952; cat=0.952; feline=0.952; mammal=0.952; adult_cat=0.952
ml/datasets/fruit_dataset_26/images/train/000000053385.jpg,apple,vision_nonfruit_signal,vision_computer_0.772,manual_review,Vision top labels: machine=0.772; computer=0.772; consumer_electronics=0.772; computer_keyboard=0.772; document=0.174
ml/datasets/fruit_dataset_26/images/train/000000054304.jpg,cherry,vision_people_without_fruit_signal,vision_people_0.896,manual_review,Vision top labels: people=0.896; adult=0.896; tableware=0.858; utensil=0.858; drinking_glass=0.786
ml/datasets/fruit_dataset_26/images/train/000000055818.jpg,pear,vision_people_without_fruit_signal,vision_people_0.936,manual_review,Vision top labels: people=0.936; adult=0.936; clothing=0.822; jeans=0.822; structure=0.788
ml/datasets/fruit_dataset_26/images/train/000000057445.jpg,apple,vision_people_without_fruit_signal,vision_people_0.856,manual_review,Vision top labels: people=0.856; adult=0.856; structure=0.667; conveyance=0.571; portal=0.571
ml/datasets/fruit_dataset_26/images/train/000000058355.jpg,pear,vision_people_without_fruit_signal,vision_people_0.929,manual_review,Vision top labels: adult=0.929; people=0.929; container=0.840; trash_can=0.840; material=0.822
ml/datasets/fruit_dataset_26/images/train/000000058425.jpg,pear,vision_people_without_fruit_signal,vision_people_0.852,manual_review,Vision top labels: people=0.852; adult=0.851; utensil=0.734; tableware=0.734; bowl=0.717
ml/datasets/fruit_dataset_26/images/train/000000059993.jpg,strawberry,vision_people_without_fruit_signal,vision_people_0.903,manual_review,Vision top labels: adult=0.903; people=0.903; clothing=0.668; jeans=0.659; appliance=0.473
ml/datasets/fruit_dataset_26/images/train/000000062175.jpg,apple,vision_nonfruit_signal,vision_computer_0.791,manual_review,Vision top labels: machine=0.791; consumer_electronics=0.791; computer=0.791; computer_keyboard=0.726; cord=0.639
ml/datasets/fruit_dataset_26/images/train/000000064139.jpg,apple,vision_nonfruit_signal,vision_computer_0.953,exclude_from_training,Vision top labels: machine=0.953; computer=0.953; consumer_electronics=0.953; computer_mouse=0.907; computer_keyboard=0.823
ml/datasets/fruit_dataset_26/images/train/000000066096.jpg,apple,vision_people_without_fruit_signal,vision_people_0.835,manual_review,Vision top labels: people=0.835; adult=0.833; consumer_electronics=0.763; machine=0.763; computer=0.763
ml/datasets/fruit_dataset_26/images/train/000000066301.jpg,apple|blueberry,vision_people_without_fruit_signal,vision_people_0.822,manual_review,Vision top labels: structure=0.950; wood_processed=0.906; utensil=0.867; tableware=0.867; plate=0.861
ml/datasets/fruit_dataset_26/images/train/000000066670.jpg,apple,vision_fruit_class_disagreement,vision_mango_0.795,manual_review,Vision top labels: food=0.799; fruit=0.799; mango=0.795; papaya=0.331; knife=0.161
ml/datasets/fruit_dataset_26/images/train/000000066881.jpg,mandarin|pear,vision_nonfruit_signal,vision_art_0.739,manual_review,Vision top labels: art=0.739; painting=0.739; food=0.038; fruit=0.033; egg=0.031
ml/datasets/fruit_dataset_26/images/train/000000067116.jpg,pear,vision_nonfruit_signal,vision_furniture_0.752,manual_review,Vision top labels: structure=0.883; furniture=0.752; table=0.733; wood_processed=0.712; conveyance=0.686
ml/datasets/fruit_dataset_26/images/train/000000068953.jpg,pear,vision_people_without_fruit_signal,vision_people_0.455,manual_review,Vision top labels: grass=0.836; land=0.836; outdoor=0.836; structure=0.595; furniture=0.592
ml/datasets/fruit_dataset_26/images/train/000000070965.jpg,apple|grape,vision_nonfruit_signal,vision_art_0.848,manual_review,Vision top labels: art=0.848; painting=0.848; container=0.447; vase=0.447; utensil=0.135
ml/datasets/fruit_dataset_26/images/train/000000071826.jpg,persimmon,vision_people_without_fruit_signal,vision_people_0.932,manual_review,Vision top labels: utensil=0.975; tableware=0.975; people=0.932; adult=0.932; drinking_glass=0.903
ml/datasets/fruit_dataset_26/images/train/000000071936.jpg,persimmon,vision_nonfruit_signal,vision_furniture_0.896,manual_review,Vision top labels: structure=0.961; cabinet=0.896; furniture=0.896; wood_processed=0.876; interior_room=0.862
ml/datasets/fruit_dataset_26/images/train/000000072821.jpg,pear,vision_nonfruit_signal,vision_furniture_0.692,manual_review,Vision top labels: structure=0.898; tableware=0.865; utensil=0.865; plate=0.864; wood_processed=0.854
ml/datasets/fruit_dataset_26/images/train/000000074386.jpg,pear,vision_people_without_fruit_signal,vision_people_0.586,manual_review,Vision top labels: people=0.586; adult=0.586; structure=0.563; outdoor=0.563; building=0.562
ml/datasets/fruit_dataset_26/images/train/000000076179.jpg,orange,vision_people_without_fruit_signal,vision_people_0.754,manual_review,Vision top labels: people=0.754; baby=0.735; child=0.457; material=0.297; textile=0.297
ml/datasets/fruit_dataset_26/images/train/000000077481.jpg,apple,vision_people_without_fruit_signal,vision_people_0.807,manual_review,Vision top labels: computer=0.938; consumer_electronics=0.938; laptop=0.938; machine=0.938; art=0.819
ml/datasets/fruit_dataset_26/images/train/000000077990.jpg,pear,vision_nonfruit_signal,vision_furniture_0.940,manual_review,Vision top labels: structure=0.988; cabinet=0.940; furniture=0.940; appliance=0.931; machine=0.931
ml/datasets/fruit_dataset_26/images/train/000000078361.jpg,apple,vision_nonfruit_signal,vision_document_0.934,exclude_from_training,Vision top labels: document=0.934; material=0.195; raw_glass=0.193; outdoor=0.139; sky=0.139
ml/datasets/fruit_dataset_26/images/train/000000079591.jpg,apple,vision_people_without_fruit_signal,vision_people_0.882,manual_review,Vision top labels: adult=0.882; people=0.882; structure=0.872; wood_processed=0.869; container=0.555
ml/datasets/fruit_dataset_26/images/train/000000079606.jpg,pear,vision_people_without_fruit_signal,vision_people_0.669,manual_review,Vision top labels: rocks=0.893; structure=0.893; people=0.669; adult=0.633; child=0.466
ml/datasets/fruit_dataset_26/images/train/000000080609.jpg,apple,vision_people_without_fruit_signal,vision_people_0.896,manual_review,Vision top labels: adult=0.896; people=0.896; computer=0.785; consumer_electronics=0.785; laptop=0.785
ml/datasets/fruit_dataset_26/images/train/000000082124.jpg,pear,vision_nonfruit_signal,vision_animal_0.985,exclude_from_training,Vision top labels: animal=0.985; mammal=0.985; structure=0.353; wood_processed=0.307; rocks=0.286
ml/datasets/fruit_dataset_26/images/train/000000082359.jpg,pear,vision_people_without_fruit_signal,vision_people_0.859,manual_review,Vision top labels: people=0.859; adult=0.859; structure=0.813; wood_processed=0.796; clothing=0.715
ml/datasets/fruit_dataset_26/images/train/000000083097.jpg,pear,vision_nonfruit_signal,vision_furniture_0.609,manual_review,Vision top labels: appliance=0.846; machine=0.846; stove=0.801; oven=0.645; kitchen_oven=0.644
ml/datasets/fruit_dataset_26/images/train/000000083836.jpg,pear,vision_people_without_fruit_signal,vision_people_0.922,manual_review,Vision top labels: structure=0.938; adult=0.922; people=0.922; furniture=0.807; cabinet=0.807
ml/datasets/fruit_dataset_26/images/train/000000084277.jpg,apple,vision_people_without_fruit_signal,vision_people_0.503,manual_review,Vision top labels: structure=0.933; conveyance=0.864; portal=0.864; window=0.835; arch=0.817
ml/datasets/fruit_dataset_26/images/train/000000084610.jpg,pear,vision_people_without_fruit_signal,vision_people_0.661,manual_review,Vision top labels: outdoor=0.965; sky=0.965; cloudy=0.941; liquid=0.824; water=0.824
ml/datasets/fruit_dataset_26/images/train/000000088609.jpg,apple,vision_people_without_fruit_signal,vision_people_0.842,manual_review,Vision top labels: structure=0.886; wood_processed=0.872; toy=0.856; stuffed_animals=0.856; people=0.842
ml/datasets/fruit_dataset_26/images/train/000000089112.jpg,apple,vision_people_without_fruit_signal,vision_people_0.647,manual_review,Vision top labels: structure=0.662; furniture=0.653; table=0.653; people=0.647; child=0.639
ml/datasets/fruit_dataset_26/images/train/000000089629.jpg,strawberry,vision_people_without_fruit_signal,vision_people_0.887,manual_review,Vision top labels: people=0.887; adult=0.887; structure=0.618; furniture=0.555; table=0.555
ml/datasets/fruit_dataset_26/images/train/000000089978.jpg,apple,vision_nonfruit_signal,vision_animal_0.760,manual_review,Vision top labels: structure=0.784; wood_processed=0.784; animal=0.760; mammal=0.760; cat=0.760
ml/datasets/fruit_dataset_26/images/train/000000090490.jpg,apple,vision_people_without_fruit_signal,vision_people_0.920,manual_review,Vision top labels: people=0.920; adult=0.920; consumer_electronics=0.626; machine=0.626; computer=0.626
ml/datasets/fruit_dataset_26/images/train/000000092301.jpg,pear,vision_people_without_fruit_signal,vision_people_0.817,manual_review,Vision top labels: umbrella=0.886; utensil=0.886; people=0.817; adult=0.817; outdoor=0.727
ml/datasets/fruit_dataset_26/images/train/000000092998.jpg,apple,vision_nonfruit_signal,vision_furniture_0.920,manual_review,Vision top labels: structure=0.965; furniture=0.920; cabinet=0.885; wood_processed=0.792; table=0.716
ml/datasets/fruit_dataset_26/images/train/000000093587.jpg,persimmon,vision_people_without_fruit_signal,vision_people_0.902,manual_review,Vision top labels: adult=0.902; people=0.902; clothing=0.779; baseball_hat=0.779; hat=0.779
ml/datasets/fruit_dataset_26/images/train/000000093599.jpg,pear,vision_people_without_fruit_signal,vision_people_0.944,manual_review,Vision top labels: structure=0.979; outdoor=0.965; grass=0.964; land=0.964; domicile=0.959
ml/datasets/fruit_dataset_26/images/train/000000096705.jpg,pear,vision_people_without_fruit_signal,vision_people_0.604,manual_review,Vision top labels: people=0.604; adult=0.604; food=0.229; dessert=0.229; frozen_dessert=0.229
ml/datasets/fruit_dataset_26/images/train/000000096757.jpg,pear,vision_people_without_fruit_signal,vision_people_0.620,manual_review,Vision top labels: structure=0.784; machine=0.689; consumer_electronics=0.689; computer=0.689; laptop=0.689
ml/datasets/fruit_dataset_26/images/train/000000097040.jpg,pear,vision_people_without_fruit_signal,vision_people_0.473,manual_review,Vision top labels: guitar=0.793; music=0.793; musical_instrument=0.793; string_instrument=0.793; people=0.473
ml/datasets/fruit_dataset_26/images/train/000000097330.jpg,apple,vision_people_without_fruit_signal,vision_people_0.942,manual_review,Vision top labels: consumer_electronics=0.974; machine=0.974; computer=0.974; laptop=0.974; people=0.942
ml/datasets/fruit_dataset_26/images/train/000000098434.jpg,apple|pear,vision_people_without_fruit_signal,vision_people_0.695,manual_review,Vision top labels: people=0.695; adult=0.695; structure=0.279; wood_processed=0.279; utensil=0.108
ml/datasets/fruit_dataset_26/images/train/000000100303.jpg,apple,vision_nonfruit_signal,vision_computer_0.866,exclude_from_training,Vision top labels: machine=0.866; consumer_electronics=0.866; computer=0.866; structure=0.846; wood_processed=0.837
ml/datasets/fruit_dataset_26/images/train/000000100668.jpg,pear,vision_people_without_fruit_signal,vision_people_0.822,manual_review,Vision top labels: people=0.822; adult=0.822; structure=0.593; wood_processed=0.593; container=0.385
ml/datasets/fruit_dataset_26/images/train/000000101468.jpg,pear,vision_people_without_fruit_signal,vision_people_0.872,manual_review,Vision top labels: people=0.872; adult=0.872; clothing=0.309; hoodie=0.304; structure=0.260
ml/datasets/fruit_dataset_26/images/train/000000102529.jpg,mango,vision_people_without_fruit_signal,vision_people_0.899,manual_review,Vision top labels: people=0.899; adult=0.899; utensil=0.756; structure=0.747; tableware=0.724
ml/datasets/fruit_dataset_26/images/train/000000103018.jpg,apple,vision_nonfruit_signal,vision_furniture_0.593,manual_review,Vision top labels: structure=0.663; furniture=0.593; table=0.576; conveyance=0.520; portal=0.520
ml/datasets/fruit_dataset_26/images/train/000000103108.jpg,orange,vision_people_without_fruit_signal,vision_people_0.610,manual_review,Vision top labels: people=0.610; crowd=0.610; clothing=0.280; hat=0.280; headgear=0.280
ml/datasets/fruit_dataset_26/images/train/000000103673.jpg,pear,vision_nonfruit_signal,vision_animal_0.891,exclude_from_training,Vision top labels: animal=0.891; mammal=0.891; structure=0.607; fence=0.607; outdoor=0.088
ml/datasets/fruit_dataset_26/images/train/000000106228.jpg,pear,vision_people_without_fruit_signal,vision_people_0.927,manual_review,Vision top labels: structure=0.964; people=0.927; adult=0.927; wood_processed=0.885; furniture=0.799
ml/datasets/fruit_dataset_26/images/train/000000106351.jpg,apple,vision_nonfruit_signal,vision_furniture_0.806,manual_review,Vision top labels: structure=0.806; cabinet=0.806; furniture=0.806; interior_room=0.609; kitchen=0.609
ml/datasets/fruit_dataset_26/images/train/000000107691.jpg,mango,vision_nonfruit_signal,vision_art_0.826,manual_review,Vision top labels: structure=0.928; art=0.826; decoration=0.809; frame=0.809; conveyance=0.797
ml/datasets/fruit_dataset_26/images/train/000000110019.jpg,apple,vision_nonfruit_signal,vision_furniture_0.777,manual_review,Vision top labels: structure=0.824; furniture=0.777; table=0.777; light=0.730; lamp=0.730
ml/datasets/fruit_dataset_26/images/train/000000110518.jpg,apple,vision_nonfruit_signal,vision_computer_0.780,manual_review,Vision top labels: machine=0.780; consumer_electronics=0.780; computer=0.780; computer_keyboard=0.690; cord=0.644
ml/datasets/fruit_dataset_26/images/train/000000111629.jpg,pear,vision_people_without_fruit_signal,vision_people_0.866,manual_review,Vision top labels: clothing=0.989; apron=0.985; people=0.866; adult=0.866; baseball_hat=0.701
ml/datasets/fruit_dataset_26/images/train/000000113152.jpg,pear|coconut,vision_people_without_fruit_signal,vision_people_0.927,manual_review,Vision top labels: people=0.927; adult=0.927; boat=0.262; machine=0.262; vehicle=0.262
ml/datasets/fruit_dataset_26/images/train/000000113619.jpg,apple,vision_people_without_fruit_signal,vision_people_0.749,manual_review,Vision top labels: structure=0.792; wood_processed=0.790; people=0.749; child=0.749; art=0.370
ml/datasets/fruit_dataset_26/images/train/000000115619.jpg,pear,vision_people_without_fruit_signal,vision_people_0.872,manual_review,Vision top labels: structure=0.985; wood_processed=0.910; furniture=0.880; cabinet=0.879; people=0.872
ml/datasets/fruit_dataset_26/images/train/000000118086.jpg,apple,vision_nonfruit_signal,vision_animal_0.801,manual_review,Vision top labels: animal=0.801; cat=0.801; feline=0.801; mammal=0.801; adult_cat=0.800
ml/datasets/fruit_dataset_26/images/train/000000119276.jpg,apple,vision_nonfruit_signal,vision_furniture_0.905,manual_review,Vision top labels: structure=0.907; furniture=0.905; cabinet=0.905; appliance=0.635; machine=0.635
ml/datasets/fruit_dataset_26/images/train/000000120400.jpg,apple,vision_people_without_fruit_signal,vision_people_0.878,manual_review,Vision top labels: people=0.878; adult=0.878; consumer_electronics=0.856; machine=0.856; computer=0.856
ml/datasets/fruit_dataset_26/images/train/000000121018.jpg,persimmon,vision_people_without_fruit_signal,vision_people_0.899,manual_review,Vision top labels: clothing=0.991; apron=0.990; people=0.899; adult=0.899; headgear=0.573
ml/datasets/fruit_dataset_26/images/train/000000123147.jpg,grape,vision_people_without_fruit_signal,vision_people_0.957,manual_review,Vision top labels: people=0.957; adult=0.957; utensil=0.471; tableware=0.471; plate=0.456
ml/datasets/fruit_dataset_26/images/train/000000123995.jpg,persimmon,vision_nonfruit_signal,vision_furniture_0.751,manual_review,Vision top labels: structure=0.926; utensil=0.885; tableware=0.885; wood_processed=0.884; furniture=0.751
ml/datasets/fruit_dataset_26/images/train/000000126733.jpg,apple|pear|cherry|persimmon,vision_fruit_class_disagreement,vision_grape_0.779,manual_review,Vision top labels: food=0.965; fruit=0.965; banana=0.927; grape=0.779; tableware=0.709
ml/datasets/fruit_dataset_26/images/train/000000127807.jpg,apple,vision_people_without_fruit_signal,vision_people_0.909,manual_review,Vision top labels: adult=0.909; people=0.909; outdoor=0.568; sky=0.568; blue_sky=0.568
ml/datasets/fruit_dataset_26/images/train/000000129821.jpg,orange,vision_nonfruit_signal,vision_computer_0.695,manual_review,Vision top labels: structure=0.856; wood_processed=0.851; machine=0.695; consumer_electronics=0.695; computer=0.695
ml/datasets/fruit_dataset_26/images/train/000000130180.jpg,grape,vision_nonfruit_signal,vision_furniture_0.912,manual_review,Vision top labels: structure=0.920; furniture=0.912; cabinet=0.908; machine=0.630; appliance=0.630
ml/datasets/fruit_dataset_26/images/train/000000131018.jpg,grape,vision_people_without_fruit_signal,vision_people_0.848,manual_review,Vision top labels: people=0.848; child=0.848; interior_room=0.724; kitchen=0.724; kitchen_sink=0.682
ml/datasets/fruit_dataset_26/images/train/000000131127.jpg,pear,vision_people_without_fruit_signal,vision_people_0.888,manual_review,Vision top labels: people=0.888; adult=0.888; art=0.233; decoration=0.233; tattoo=0.233
ml/datasets/fruit_dataset_26/images/train/000000131352.jpg,kiwi|strawberry,vision_nonfruit_signal,vision_bedding_0.731,manual_review,Vision top labels: interior_room=0.769; bedroom=0.769; bedding=0.731; housewares=0.731; pillow=0.623
ml/datasets/fruit_dataset_26/images/train/000000131815.jpg,pear,vision_people_without_fruit_signal,vision_people_0.873,manual_review,Vision top labels: people=0.873; adult=0.873; machine=0.589; bicycle=0.589; vehicle=0.589
ml/datasets/fruit_dataset_26/images/train/000000132529.jpg,apple,vision_people_without_fruit_signal,vision_people_0.749,manual_review,Vision top labels: structure=0.987; wood_processed=0.939; furniture=0.923; table=0.920; interior_room=0.769
ml/datasets/fruit_dataset_26/images/train/000000132533.jpg,pear,vision_people_without_fruit_signal,vision_people_0.809,manual_review,Vision top labels: people=0.809; adult=0.809; structure=0.222; interior_room=0.179; interior_shop=0.179
ml/datasets/fruit_dataset_26/images/train/000000133294.jpg,orange,vision_people_without_fruit_signal,vision_people_0.831,manual_review,Vision top labels: material=0.933; textile=0.933; people=0.831; child=0.831; container=0.778
ml/datasets/fruit_dataset_26/images/train/000000136820.jpg,persimmon,vision_people_without_fruit_signal,vision_people_0.775,manual_review,Vision top labels: structure=0.797; people=0.775; child=0.775; furniture=0.734; table=0.734
ml/datasets/fruit_dataset_26/images/train/000000137029.jpg,pear,vision_people_without_fruit_signal,vision_people_0.940,manual_review,Vision top labels: people=0.940; adult=0.940; eyeglasses=0.753; optical_equipment=0.753; material=0.262
ml/datasets/fruit_dataset_26/images/train/000000137230.jpg,pear,vision_people_without_fruit_signal,vision_people_0.709,manual_review,Vision top labels: outdoor=0.830; land=0.826; road=0.761; street=0.761; adult=0.709
ml/datasets/fruit_dataset_26/images/train/000000138103.jpg,pear,vision_people_without_fruit_signal,vision_people_0.701,manual_review,Vision top labels: people=0.701; adult=0.701; food=0.157; fruit=0.156; banana=0.156
ml/datasets/fruit_dataset_26/images/train/000000138644.jpg,pear,vision_people_without_fruit_signal,vision_people_0.847,manual_review,Vision top labels: people=0.847; adult=0.847; structure=0.264; furniture=0.264; cabinet=0.264
ml/datasets/fruit_dataset_26/images/train/000000138780.jpg,peach,vision_people_without_fruit_signal,vision_people_0.789,manual_review,Vision top labels: people=0.789; child=0.789; utensil=0.746; tableware=0.746; structure=0.668
ml/datasets/fruit_dataset_26/images/train/000000139004.jpg,pear,vision_nonfruit_signal,vision_furniture_0.910,manual_review,Vision top labels: structure=0.944; furniture=0.910; cabinet=0.910; conveyance=0.764; portal=0.764
ml/datasets/fruit_dataset_26/images/train/000000139327.jpg,apple,vision_nonfruit_signal,vision_furniture_0.715,manual_review,Vision top labels: structure=0.880; wood_processed=0.822; lamp=0.815; light=0.815; furniture=0.715
ml/datasets/fruit_dataset_26/images/train/000000141342.jpg,apple|pear,vision_people_without_fruit_signal,vision_people_0.931,manual_review,Vision top labels: people=0.931; adult=0.931; interior_room=0.729; interior_shop=0.729; structure=0.608
ml/datasets/fruit_dataset_26/images/train/000000141376.jpg,apple,vision_nonfruit_signal,vision_animal_0.878,exclude_from_training,Vision top labels: animal=0.878; cat=0.878; feline=0.878; mammal=0.878; adult_cat=0.876
ml/datasets/fruit_dataset_26/images/train/000000141860.jpg,pear,vision_people_without_fruit_signal,vision_people_0.880,manual_review,Vision top labels: people=0.880; adult=0.880; structure=0.596; furniture=0.569; cabinet=0.552
ml/datasets/fruit_dataset_26/images/train/000000142386.jpg,apple|orange,vision_people_without_fruit_signal,vision_people_0.757,manual_review,Vision top labels: structure=0.966; wood_processed=0.907; furniture=0.881; cabinet=0.786; table=0.774
ml/datasets/fruit_dataset_26/images/train/000000143569.jpg,apple,vision_people_without_fruit_signal,vision_people_0.926,manual_review,Vision top labels: structure=0.938; people=0.926; sign=0.889; street_sign=0.889; crowd=0.885
ml/datasets/fruit_dataset_26/images/train/000000144345.jpg,grape,vision_people_without_fruit_signal,vision_people_0.720,manual_review,Vision top labels: material=0.835; curtain=0.833; structure=0.805; conveyance=0.756; portal=0.756
ml/datasets/fruit_dataset_26/images/train/000000144937.jpg,orange,vision_people_without_fruit_signal,vision_people_0.634,manual_review,Vision top labels: structure=0.719; furniture=0.701; cabinet=0.697; utensil=0.667; tableware=0.667
ml/datasets/fruit_dataset_26/images/train/000000145178.jpg,apple,vision_people_without_fruit_signal,vision_people_0.783,manual_review,Vision top labels: adult=0.783; people=0.783; interior_room=0.087; interior_shop=0.087; art=0.055
ml/datasets/fruit_dataset_26/images/train/000000147753.jpg,pear,vision_people_without_fruit_signal,vision_people_0.973,manual_review,Vision top labels: adult=0.973; people=0.973; structure=0.957; furniture=0.897; cabinet=0.897
ml/datasets/fruit_dataset_26/images/train/000000150385.jpg,apple,vision_people_without_fruit_signal,vision_people_0.725,manual_review,Vision top labels: outdoor=0.901; sky=0.901; blue_sky=0.901; structure=0.795; sign=0.791
ml/datasets/fruit_dataset_26/images/train/000000150444.jpg,persimmon,vision_nonfruit_signal,vision_furniture_0.826,manual_review,Vision top labels: structure=0.832; furniture=0.826; cabinet=0.826; machine=0.734; appliance=0.734
ml/datasets/fruit_dataset_26/images/train/000000151170.jpg,apple,vision_nonfruit_signal,vision_computer_0.833,manual_review,Vision top labels: machine=0.833; consumer_electronics=0.833; computer=0.833; structure=0.812; wood_processed=0.812
ml/datasets/fruit_dataset_26/images/train/000000151699.jpg,apple,vision_people_without_fruit_signal,vision_people_0.794,manual_review,Vision top labels: grass=0.897; land=0.897; outdoor=0.897; people=0.794; adult=0.783
ml/datasets/fruit_dataset_26/images/train/000000151830.jpg,orange,vision_nonfruit_signal,vision_furniture_0.920,manual_review,Vision top labels: structure=0.978; cabinet=0.920; furniture=0.920; wood_processed=0.910; appliance=0.818
ml/datasets/fruit_dataset_26/images/train/000000151892.jpg,cherry,vision_fruit_class_disagreement,vision_grape_0.794,manual_review,Vision top labels: tableware=0.932; utensil=0.932; plate=0.930; food=0.829; fruit=0.795
ml/datasets/fruit_dataset_26/images/train/000000152036.jpg,strawberry,vision_people_without_fruit_signal,vision_people_0.699,manual_review,Vision top labels: art=0.830; decoration=0.830; bouquet=0.830; flower_arrangement=0.830; people=0.699
ml/datasets/fruit_dataset_26/images/train/000000153067.jpg,apple,vision_people_without_fruit_signal,vision_people_0.711,manual_review,Vision top labels: consumer_electronics=0.856; machine=0.856; people=0.711; adult=0.711; structure=0.666
ml/datasets/fruit_dataset_26/images/train/000000153573.jpg,apple,vision_people_without_fruit_signal,vision_people_0.730,manual_review,Vision top labels: structure=0.892; wood_processed=0.853; people=0.730; adult=0.730; furniture=0.687
ml/datasets/fruit_dataset_26/images/train/000000154503.jpg,pear,vision_people_without_fruit_signal,vision_people_0.813,manual_review,Vision top labels: people=0.813; adult=0.812; structure=0.559; sign=0.463; fence=0.398
ml/datasets/fruit_dataset_26/images/train/000000155107.jpg,apple,vision_nonfruit_signal,vision_computer_0.880,exclude_from_training,Vision top labels: machine=0.880; consumer_electronics=0.880; computer=0.880; structure=0.865; wood_processed=0.853
ml/datasets/fruit_dataset_26/images/train/000000155496.jpg,apple,vision_people_without_fruit_signal,vision_people_0.805,manual_review,Vision top labels: consumer_electronics=0.931; machine=0.931; computer=0.931; computer_keyboard=0.856; computer_monitor=0.824
ml/datasets/fruit_dataset_26/images/train/000000157991.jpg,apple,vision_people_without_fruit_signal,vision_people_0.900,manual_review,Vision top labels: adult=0.900; people=0.900; material=0.238; raw_glass=0.238; structure=0.214
ml/datasets/fruit_dataset_26/images/train/000000160653.jpg,apple,vision_nonfruit_signal,vision_document_0.622,manual_review,Vision top labels: document=0.622; handwriting=0.622; structure=0.225; wood_processed=0.225; material=0.168
ml/datasets/fruit_dataset_26/images/train/000000161438.jpg,persimmon,vision_people_without_fruit_signal,vision_people_0.505,manual_review,Vision top labels: utensil=0.945; tableware=0.945; bowl=0.884; plate=0.831; people=0.505
ml/datasets/fruit_dataset_26/images/train/000000161812.jpg,pear,vision_nonfruit_signal,vision_computer_0.925,exclude_from_training,Vision top labels: machine=0.925; consumer_electronics=0.925; computer=0.925; computer_monitor=0.831; structure=0.816
ml/datasets/fruit_dataset_26/images/train/000000163319.jpg,strawberry,vision_people_without_fruit_signal,vision_people_0.910,manual_review,Vision top labels: outdoor=0.981; sky=0.945; people=0.910; cloudy=0.903; land=0.895
ml/datasets/fruit_dataset_26/images/train/000000163518.jpg,persimmon,vision_people_without_fruit_signal,vision_people_0.931,manual_review,Vision top labels: people=0.931; adult=0.931; material=0.551; clothing=0.402; container=0.395
ml/datasets/fruit_dataset_26/images/train/000000164121.jpg,orange|pear,vision_nonfruit_signal,vision_furniture_0.903,manual_review,Vision top labels: structure=0.963; furniture=0.903; cabinet=0.903; wood_processed=0.875; machine=0.862
ml/datasets/fruit_dataset_26/images/train/000000166853.jpg,orange,vision_nonfruit_signal,vision_computer_0.652,manual_review,Vision top labels: structure=0.784; wood_processed=0.778; consumer_electronics=0.652; machine=0.652; computer=0.652
ml/datasets/fruit_dataset_26/images/train/000000168730.jpg,pear,vision_nonfruit_signal,vision_furniture_0.743,manual_review,Vision top labels: structure=0.858; cabinet=0.743; furniture=0.743; conveyance=0.737; portal=0.737
ml/datasets/fruit_dataset_26/images/train/000000168963.jpg,pear,vision_nonfruit_signal,vision_animal_0.763,manual_review,Vision top labels: structure=0.929; wood_processed=0.929; animal=0.763; cat=0.763; feline=0.763
ml/datasets/fruit_dataset_26/images/train/000000171297.jpg,apple,vision_people_without_fruit_signal,vision_people_0.584,manual_review,Vision top labels: people=0.584; adult=0.584; pillow=0.409; tool=0.409; bedding=0.323
ml/datasets/fruit_dataset_26/images/train/000000173856.jpg,apple,vision_nonfruit_signal,vision_computer_0.800,manual_review,Vision top labels: structure=0.901; wood_processed=0.900; consumer_electronics=0.801; machine=0.801; computer=0.800
ml/datasets/fruit_dataset_26/images/train/000000173978.jpg,persimmon,vision_nonfruit_signal,vision_art_0.553,manual_review,Vision top labels: container=0.707; bottle=0.644; art=0.553; decoration=0.553; bouquet=0.553
ml/datasets/fruit_dataset_26/images/train/000000174794.jpg,pear,vision_people_without_fruit_signal,vision_people_0.905,manual_review,Vision top labels: outdoor=0.947; sky=0.947; umbrella=0.927; utensil=0.927; people=0.905
ml/datasets/fruit_dataset_26/images/train/000000176300.jpg,apple,vision_people_without_fruit_signal,vision_people_0.617,manual_review,Vision top labels: people=0.617; adult=0.616; material=0.495; textile=0.495; celebration=0.095
ml/datasets/fruit_dataset_26/images/train/000000178222.jpg,pear,vision_people_without_fruit_signal,vision_people_0.779,manual_review,Vision top labels: people=0.779; adult=0.779; optical_equipment=0.668; sunglasses=0.667; clothing=0.519
ml/datasets/fruit_dataset_26/images/train/000000178526.jpg,orange,vision_nonfruit_signal,vision_furniture_0.873,manual_review,Vision top labels: structure=0.963; furniture=0.873; cabinet=0.873; conveyance=0.825; portal=0.825
ml/datasets/fruit_dataset_26/images/train/000000180778.jpg,apple,vision_people_without_fruit_signal,vision_people_0.944,manual_review,Vision top labels: people=0.944; adult=0.944; tableware=0.730; utensil=0.730; drinking_glass=0.729
ml/datasets/fruit_dataset_26/images/train/000000181179.jpg,apple,vision_nonfruit_signal,vision_furniture_0.915,manual_review,Vision top labels: structure=0.970; furniture=0.915; cabinet=0.915; wood_processed=0.888; utensil=0.635
ml/datasets/fruit_dataset_26/images/train/000000181851.jpg,orange,vision_nonfruit_signal,vision_furniture_0.885,manual_review,Vision top labels: structure=0.940; furniture=0.885; cabinet=0.885; conveyance=0.811; portal=0.811
ml/datasets/fruit_dataset_26/images/train/000000182497.jpg,pear,vision_people_without_fruit_signal,vision_people_0.617,manual_review,Vision top labels: machine=0.772; dashboard=0.771; people=0.617; adult=0.617; land=0.596
ml/datasets/fruit_dataset_26/images/train/000000182715.jpg,pear,vision_people_without_fruit_signal,vision_people_0.877,manual_review,Vision top labels: child=0.877; people=0.877; structure=0.870; wood_processed=0.791; furniture=0.718
ml/datasets/fruit_dataset_26/images/train/000000183398.jpg,pear,vision_nonfruit_signal,vision_furniture_0.799,manual_review,Vision top labels: structure=0.802; furniture=0.799; cabinet=0.799; interior_room=0.566; kitchen=0.566
ml/datasets/fruit_dataset_26/images/train/000000184201.jpg,pear,vision_people_without_fruit_signal,vision_people_0.773,manual_review,Vision top labels: people=0.773; adult=0.773; outdoor=0.577; sky=0.577; blue_sky=0.577
ml/datasets/fruit_dataset_26/images/train/000000185186.jpg,pear,vision_people_without_fruit_signal,vision_people_0.879,manual_review,Vision top labels: people=0.879; adult=0.879; container=0.730; basket_container=0.726; crate=0.312
ml/datasets/fruit_dataset_26/images/train/000000185820.jpg,pear,vision_nonfruit_signal,vision_furniture_0.847,manual_review,Vision top labels: structure=0.908; furniture=0.847; cabinet=0.847; conveyance=0.674; portal=0.674
ml/datasets/fruit_dataset_26/images/train/000000185963.jpg,cherry,vision_nonfruit_signal,vision_furniture_0.587,manual_review,Vision top labels: utensil=0.961; tableware=0.961; plate=0.939; mug=0.751; structure=0.588
ml/datasets/fruit_dataset_26/images/train/000000186799.jpg,pear,vision_people_without_fruit_signal,vision_people_0.646,manual_review,Vision top labels: people=0.646; adult=0.646; machine=0.538; boat=0.538; vehicle=0.538
ml/datasets/fruit_dataset_26/images/train/000000187098.jpg,persimmon,vision_people_without_fruit_signal,vision_people_0.813,manual_review,Vision top labels: structure=0.871; wood_processed=0.871; people=0.813; adult=0.812; material=0.319
ml/datasets/fruit_dataset_26/images/train/000000187752.jpg,grape|blueberry,vision_nonfruit_signal,vision_animal_0.852,exclude_from_training,Vision top labels: animal=0.852; cat=0.852; feline=0.852; mammal=0.852; adult_cat=0.852
ml/datasets/fruit_dataset_26/images/train/000000188148.jpg,apple,vision_people_without_fruit_signal,vision_people_0.923,manual_review,Vision top labels: people=0.923; adult=0.923; material=0.452; textile=0.452; tool=0.315
ml/datasets/fruit_dataset_26/images/train/000000189472.jpg,apple|cherry,vision_nonfruit_signal,vision_furniture_0.744,manual_review,Vision top labels: structure=0.796; furniture=0.744; cabinet=0.728; wood_processed=0.611; table=0.434
ml/datasets/fruit_dataset_26/images/train/000000191101.jpg,orange,vision_people_without_fruit_signal,vision_people_0.949,manual_review,Vision top labels: adult=0.949; people=0.949; structure=0.867; wood_processed=0.836; furniture=0.607
ml/datasets/fruit_dataset_26/images/train/000000195998.jpg,orange,vision_people_without_fruit_signal,vision_people_0.800,manual_review,Vision top labels: outdoor=0.983; sky=0.983; cloudy=0.935; blue_sky=0.920; umbrella=0.808
ml/datasets/fruit_dataset_26/images/train/000000198993.jpg,apple|orange,vision_people_without_fruit_signal,vision_people_0.855,manual_review,Vision top labels: people=0.855; adult=0.855; structure=0.737; wood_processed=0.692; furniture=0.540
ml/datasets/fruit_dataset_26/images/train/000000199125.jpg,pear,vision_people_without_fruit_signal,vision_people_0.715,manual_review,Vision top labels: outdoor=0.850; sky=0.850; cloudy=0.850; people=0.715; adult=0.715
ml/datasets/fruit_dataset_26/images/train/000000199923.jpg,apple,vision_nonfruit_signal,vision_furniture_0.735,manual_review,Vision top labels: structure=0.887; wood_processed=0.823; furniture=0.735; table=0.734; interior_room=0.620
ml/datasets/fruit_dataset_26/images/train/000000200782.jpg,persimmon,vision_people_without_fruit_signal,vision_people_0.860,manual_review,Vision top labels: people=0.860; adult=0.860; tableware=0.489; utensil=0.489; plate=0.487
ml/datasets/fruit_dataset_26/images/train/000000201192.jpg,persimmon,vision_people_without_fruit_signal,vision_people_0.643,manual_review,Vision top labels: people=0.643; adult=0.643; structure=0.616; wood_processed=0.603; consumer_electronics=0.502
ml/datasets/fruit_dataset_26/images/train/000000201655.jpg,apple,vision_people_without_fruit_signal,vision_people_0.610,manual_review,Vision top labels: structure=0.843; wood_processed=0.843; material=0.709; textile=0.709; people=0.610
ml/datasets/fruit_dataset_26/images/train/000000201659.jpg,pear,vision_people_without_fruit_signal,vision_people_0.890,manual_review,Vision top labels: people=0.890; adult=0.890; material=0.779; textile=0.770; utensil=0.738
ml/datasets/fruit_dataset_26/images/train/000000206937.jpg,pear,vision_people_without_fruit_signal,vision_people_0.893,manual_review,Vision top labels: people=0.893; child=0.893; tableware=0.690; utensil=0.690; bowl=0.682
ml/datasets/fruit_dataset_26/images/train/000000206956.jpg,cherry,vision_people_without_fruit_signal,vision_people_0.795,manual_review,Vision top labels: people=0.795; child=0.791; clothing=0.421; jeans=0.417; teen=0.332
ml/datasets/fruit_dataset_26/images/train/000000208646.jpg,pear,vision_people_without_fruit_signal,vision_people_0.517,manual_review,Vision top labels: utensil=0.599; tableware=0.586; people=0.517; adult=0.517; bowl=0.512
ml/datasets/fruit_dataset_26/images/train/000000208995.jpg,apple,vision_people_without_fruit_signal,vision_people_0.933,manual_review,Vision top labels: people=0.933; adult=0.933; structure=0.893; wood_processed=0.859; clothing=0.829
ml/datasets/fruit_dataset_26/images/train/000000209288.jpg,orange,vision_nonfruit_signal,vision_animal_0.756,manual_review,Vision top labels: animal=0.756; feline=0.756; mammal=0.756; cat=0.756; adult_cat=0.756
ml/datasets/fruit_dataset_26/images/train/000000210683.jpg,apple|orange,vision_people_without_fruit_signal,vision_people_0.510,manual_review,Vision top labels: structure=0.852; wood_processed=0.836; pillow=0.672; tool=0.672; material=0.643
ml/datasets/fruit_dataset_26/images/train/000000211215.jpg,pear,vision_people_without_fruit_signal,vision_people_0.894,manual_review,Vision top labels: people=0.894; adult=0.894; structure=0.644; conveyance=0.644; portal=0.644
ml/datasets/fruit_dataset_26/images/train/000000212532.jpg,pear,vision_people_without_fruit_signal,vision_people_0.876,manual_review,Vision top labels: structure=0.877; people=0.876; adult=0.875; wood_processed=0.824; furniture=0.685
ml/datasets/fruit_dataset_26/images/train/000000212780.jpg,mango,vision_nonfruit_signal,vision_furniture_0.625,manual_review,Vision top labels: structure=0.770; outdoor=0.625; building=0.625; storefront=0.625; furniture=0.625
ml/datasets/fruit_dataset_26/images/train/000000213408.jpg,pear,vision_people_without_fruit_signal,vision_people_0.888,manual_review,Vision top labels: adult=0.888; people=0.888; material=0.328; clothing=0.320; safety_vest=0.318
ml/datasets/fruit_dataset_26/images/train/000000214395.jpg,apple,vision_people_without_fruit_signal,vision_people_0.887,manual_review,Vision top labels: people=0.887; child=0.887; structure=0.725; clothing=0.724; hoodie=0.724
ml/datasets/fruit_dataset_26/images/train/000000215708.jpg,cherry,vision_people_without_fruit_signal,vision_people_0.874,manual_review,Vision top labels: people=0.874; adult=0.874; candle=0.544; light=0.544; clothing=0.255
ml/datasets/fruit_dataset_26/images/train/000000217339.jpg,pear,vision_people_without_fruit_signal,vision_people_0.812,manual_review,Vision top labels: people=0.812; child=0.810; structure=0.704; conveyance=0.658; portal=0.658
ml/datasets/fruit_dataset_26/images/train/000000217397.jpg,persimmon,vision_people_without_fruit_signal,vision_people_0.821,manual_review,Vision top labels: tableware=0.977; utensil=0.977; plate=0.953; drinking_glass=0.843; people=0.821
ml/datasets/fruit_dataset_26/images/train/000000218368.jpg,apple,vision_people_without_fruit_signal,vision_people_0.887,manual_review,Vision top labels: adult=0.887; people=0.887; clothing=0.885; suit=0.833; necktie=0.710
ml/datasets/fruit_dataset_26/images/train/000000218832.jpg,pear,vision_people_without_fruit_signal,vision_people_0.943,manual_review,Vision top labels: people=0.943; adult=0.943; utensil=0.861; tableware=0.861; drinking_glass=0.827
ml/datasets/fruit_dataset_26/images/train/000000219059.jpg,apple,vision_nonfruit_signal,vision_computer_0.772,manual_review,Vision top labels: machine=0.772; consumer_electronics=0.772; computer=0.772; computer_keyboard=0.760; animal=0.610
ml/datasets/fruit_dataset_26/images/train/000000219958.jpg,pear,vision_people_without_fruit_signal,vision_people_0.853,manual_review,Vision top labels: people=0.853; adult=0.850; art=0.472; decoration=0.472; jewelry=0.472
ml/datasets/fruit_dataset_26/images/train/000000220417.jpg,strawberry,vision_people_without_fruit_signal,vision_people_0.948,manual_review,Vision top labels: outdoor=0.992; sky=0.987; cloudy=0.953; people=0.948; blue_sky=0.920
ml/datasets/fruit_dataset_26/images/train/000000220777.jpg,pear,vision_nonfruit_signal,vision_animal_0.891,exclude_from_training,Vision top labels: animal=0.891; cat=0.891; feline=0.891; mammal=0.891; adult_cat=0.891
ml/datasets/fruit_dataset_26/images/train/000000220793.jpg,orange|pear,vision_people_without_fruit_signal,vision_people_0.908,manual_review,Vision top labels: people=0.908; adult=0.908; material=0.873; brick=0.873; structure=0.753
ml/datasets/fruit_dataset_26/images/train/000000220951.jpg,papaya,vision_people_without_fruit_signal,vision_people_0.875,manual_review,Vision top labels: people=0.875; adult=0.869; child=0.417; umbrella=0.297; utensil=0.297
ml/datasets/fruit_dataset_26/images/train/000000221187.jpg,pear,vision_people_without_fruit_signal,vision_people_0.940,manual_review,Vision top labels: people=0.940; adult=0.940; structure=0.263; fence=0.245; conveyance=0.180
ml/datasets/fruit_dataset_26/images/train/000000224476.jpg,apple,vision_people_without_fruit_signal,vision_people_0.495,manual_review,Vision top labels: consumer_electronics=0.919; machine=0.919; computer=0.918; laptop=0.918; people=0.495
ml/datasets/fruit_dataset_26/images/train/000000226658.jpg,orange|pear,vision_people_without_fruit_signal,vision_people_0.808,manual_review,Vision top labels: material=0.843; textile=0.843; people=0.808; adult=0.808; utensil=0.668
ml/datasets/fruit_dataset_26/images/train/000000227137.jpg,apple,vision_nonfruit_signal,vision_art_0.569,manual_review,Vision top labels: candle=0.744; light=0.744; tableware=0.586; utensil=0.586; art=0.569
ml/datasets/fruit_dataset_26/images/train/000000227204.jpg,pear,vision_people_without_fruit_signal,vision_people_0.907,manual_review,Vision top labels: people=0.907; adult=0.907; structure=0.644; utensil=0.624; furniture=0.623
ml/datasets/fruit_dataset_26/images/train/000000227723.jpg,orange,vision_people_without_fruit_signal,vision_people_0.801,manual_review,Vision top labels: people=0.801; child=0.800; structure=0.765; wood_processed=0.765; clothing=0.543
ml/datasets/fruit_dataset_26/images/train/000000230614.jpg,persimmon,vision_people_without_fruit_signal,vision_people_0.533,manual_review,Vision top labels: outdoor=0.755; sky=0.755; blue_sky=0.663; cloudy=0.636; parachute=0.533
ml/datasets/fruit_dataset_26/images/train/000000231631.jpg,apple|pear|persimmon,vision_people_without_fruit_signal,vision_people_0.670,manual_review,Vision top labels: umbrella=0.978; utensil=0.978; people=0.670; adult=0.670; structure=0.665
ml/datasets/fruit_dataset_26/images/train/000000232770.jpg,orange,vision_people_without_fruit_signal,vision_people_0.915,manual_review,Vision top labels: people=0.915; adult=0.915; eyeglasses=0.453; optical_equipment=0.453; office_supplies=0.198
ml/datasets/fruit_dataset_26/images/train/000000233124.jpg,grape,vision_people_without_fruit_signal,vision_people_0.851,manual_review,Vision top labels: people=0.851; adult=0.850; outdoor=0.834; sky=0.834; blue_sky=0.834
ml/datasets/fruit_dataset_26/images/train/000000242047.jpg,apple,vision_people_without_fruit_signal,vision_people_0.705,manual_review,Vision top labels: people=0.705; adult=0.705; structure=0.255; wood_processed=0.242; fence=0.150
ml/datasets/fruit_dataset_26/images/train/000000242307.jpg,pear,vision_people_without_fruit_signal,vision_people_0.920,manual_review,Vision top labels: adult=0.920; people=0.920; clothing=0.817; hat=0.814; headgear=0.814
ml/datasets/fruit_dataset_26/images/train/000000242582.jpg,orange|pear,vision_people_without_fruit_signal,vision_people_0.828,manual_review,Vision top labels: people=0.828; adult=0.828; container=0.470; cardboard_box=0.391; carton=0.389
ml/datasets/fruit_dataset_26/images/train/000000242931.jpg,pear,vision_people_without_fruit_signal,vision_people_0.813,manual_review,Vision top labels: clothing=0.881; jeans=0.880; people=0.813; adult=0.813; footwear=0.212
ml/datasets/fruit_dataset_26/images/train/000000243442.jpg,persimmon,vision_people_without_fruit_signal,vision_people_0.872,manual_review,Vision top labels: adult=0.872; people=0.872; clothing=0.500; hat=0.500; headgear=0.500
ml/datasets/fruit_dataset_26/images/train/000000244026.jpg,apple|orange|pear,vision_people_without_fruit_signal,vision_people_0.575,manual_review,Vision top labels: people=0.575; adult=0.575; structure=0.574; wood_processed=0.515; furniture=0.450
ml/datasets/fruit_dataset_26/images/train/000000245096.jpg,persimmon,vision_people_without_fruit_signal,vision_people_0.870,manual_review,Vision top labels: people=0.870; adult=0.870; structure=0.704; furniture=0.691; cabinet=0.691
ml/datasets/fruit_dataset_26/images/train/000000247782.jpg,cherry,vision_people_without_fruit_signal,vision_people_0.761,manual_review,Vision top labels: clothing=0.859; art=0.819; decoration=0.800; frame=0.800; people=0.761
ml/datasets/fruit_dataset_26/images/train/000000248622.jpg,apple,vision_people_without_fruit_signal,vision_people_0.903,manual_review,Vision top labels: outdoor=0.907; land=0.907; grass=0.907; people=0.903; adult=0.902
ml/datasets/fruit_dataset_26/images/train/000000249822.jpg,blueberry,vision_people_without_fruit_signal,vision_people_0.825,manual_review,Vision top labels: structure=0.927; wood_processed=0.927; people=0.825; child=0.825; clothing=0.795
ml/datasets/fruit_dataset_26/images/train/000000249839.jpg,persimmon,vision_people_without_fruit_signal,vision_people_0.949,manual_review,Vision top labels: people=0.949; adult=0.949; utensil=0.608; tableware=0.608; plate=0.605
ml/datasets/fruit_dataset_26/images/train/000000249869.jpg,pear,vision_people_without_fruit_signal,vision_people_0.859,manual_review,Vision top labels: machine=0.932; vehicle=0.932; motorcycle=0.926; people=0.859; adult=0.858
ml/datasets/fruit_dataset_26/images/train/000000250949.jpg,pear,vision_people_without_fruit_signal,vision_people_0.843,manual_review,Vision top labels: people=0.843; adult=0.843; material=0.145; textile=0.145; food=0.138
ml/datasets/fruit_dataset_26/images/train/000000252504.jpg,orange,vision_nonfruit_signal,vision_computer_0.617,manual_review,Vision top labels: container=0.787; bottle=0.787; machine=0.617; consumer_electronics=0.617; computer=0.617
ml/datasets/fruit_dataset_26/images/train/000000252943.jpg,orange|strawberry,vision_people_without_fruit_signal,vision_people_0.903,manual_review,Vision top labels: people=0.903; adult=0.903; material=0.766; raw_glass=0.766; utensil=0.501
ml/datasets/fruit_dataset_26/images/train/000000254658.jpg,orange,vision_people_without_fruit_signal,vision_people_0.924,manual_review,Vision top labels: structure=0.968; people=0.924; adult=0.924; furniture=0.907; cabinet=0.907
ml/datasets/fruit_dataset_26/images/train/000000254666.jpg,pear,vision_people_without_fruit_signal,vision_people_0.943,manual_review,Vision top labels: structure=0.979; people=0.943; adult=0.943; wood_processed=0.925; furniture=0.916
ml/datasets/fruit_dataset_26/images/train/000000255978.jpg,pear,vision_people_without_fruit_signal,vision_people_0.873,manual_review,Vision top labels: outdoor=0.916; blue_sky=0.916; sky=0.916; people=0.873; adult=0.866
ml/datasets/fruit_dataset_26/images/train/000000259115.jpg,apple,vision_nonfruit_signal,vision_computer_0.788,manual_review,Vision top labels: machine=0.896; consumer_electronics=0.896; container=0.821; luggage=0.821; backpack=0.821
ml/datasets/fruit_dataset_26/images/train/000000259655.jpg,apple|orange,vision_people_without_fruit_signal,vision_people_0.918,manual_review,Vision top labels: tableware=0.963; utensil=0.963; plate=0.926; people=0.918; adult=0.918
ml/datasets/fruit_dataset_26/images/train/000000261240.jpg,apple,vision_people_without_fruit_signal,vision_people_0.877,manual_review,Vision top labels: adult=0.877; people=0.877; structure=0.731; wood_processed=0.730; consumer_electronics=0.727
ml/datasets/fruit_dataset_26/images/train/000000261503.jpg,apple|pear,vision_fruit_class_disagreement,vision_mango_0.803,manual_review,Vision top labels: food=0.859; fruit=0.859; mango=0.803; banana=0.673; structure=0.514
ml/datasets/fruit_dataset_26/images/train/000000261669.jpg,grape,vision_people_without_fruit_signal,vision_people_0.919,manual_review,Vision top labels: people=0.919; adult=0.919; material=0.746; brick=0.746; art=0.312
ml/datasets/fruit_dataset_26/images/train/000000263957.jpg,apple,vision_people_without_fruit_signal,vision_people_0.760,manual_review,Vision top labels: structure=0.833; machine=0.805; consumer_electronics=0.803; computer=0.803; laptop=0.803
ml/datasets/fruit_dataset_26/images/train/000000264568.jpg,persimmon,vision_people_without_fruit_signal,vision_people_0.918,manual_review,Vision top labels: structure=0.937; people=0.918; adult=0.918; furniture=0.863; cabinet=0.863
ml/datasets/fruit_dataset_26/images/train/000000264663.jpg,pear,vision_nonfruit_signal,vision_furniture_0.702,manual_review,Vision top labels: structure=0.881; conveyance=0.808; portal=0.808; window=0.808; furniture=0.702
ml/datasets/fruit_dataset_26/images/train/000000264709.jpg,pear,vision_people_without_fruit_signal,vision_people_0.674,manual_review,Vision top labels: structure=0.783; furniture=0.782; table=0.782; interior_room=0.769; restaurant=0.769
ml/datasets/fruit_dataset_26/images/train/000000267932.jpg,pear,vision_nonfruit_signal,vision_furniture_0.917,manual_review,Vision top labels: structure=0.949; furniture=0.917; desk=0.897; wood_processed=0.774; chair=0.606
ml/datasets/fruit_dataset_26/images/train/000000269174.jpg,persimmon,vision_people_without_fruit_signal,vision_people_0.801,manual_review,Vision top labels: tableware=0.856; utensil=0.856; plate=0.854; people=0.801; adult=0.801
ml/datasets/fruit_dataset_26/images/train/000000269541.jpg,pear,vision_people_without_fruit_signal,vision_people_0.876,manual_review,Vision top labels: people=0.876; adult=0.876; outdoor=0.831; sky=0.831; blue_sky=0.829
ml/datasets/fruit_dataset_26/images/train/000000271466.jpg,strawberry,vision_people_without_fruit_signal,vision_people_0.853,manual_review,Vision top labels: structure=0.918; wood_processed=0.900; tableware=0.886; utensil=0.886; land=0.883
ml/datasets/fruit_dataset_26/images/train/000000274734.jpg,pear,vision_people_without_fruit_signal,vision_people_0.881,manual_review,Vision top labels: structure=0.973; wood_processed=0.892; people=0.881; child=0.881; conveyance=0.871
ml/datasets/fruit_dataset_26/images/train/000000275741.jpg,pear,vision_people_without_fruit_signal,vision_people_0.927,manual_review,Vision top labels: people=0.927; adult=0.927; structure=0.403; outdoor=0.394; building=0.394
ml/datasets/fruit_dataset_26/images/train/000000275961.jpg,pear,vision_nonfruit_signal,vision_furniture_0.898,manual_review,Vision top labels: structure=0.930; cabinet=0.898; furniture=0.898; wood_processed=0.724; appliance=0.582
ml/datasets/fruit_dataset_26/images/train/000000279491.jpg,persimmon,vision_people_without_fruit_signal,vision_people_0.954,manual_review,Vision top labels: people=0.954; adult=0.954; art=0.794; decoration=0.779; frame=0.779
ml/datasets/fruit_dataset_26/images/train/000000279561.jpg,orange,vision_nonfruit_signal,vision_furniture_0.806,manual_review,Vision top labels: structure=0.808; furniture=0.806; desk=0.797; machine=0.772; consumer_electronics=0.772
ml/datasets/fruit_dataset_26/images/train/000000280228.jpg,apple,vision_people_without_fruit_signal,vision_people_0.772,manual_review,Vision top labels: structure=0.775; people=0.772; adult=0.771; wood_processed=0.766; utensil=0.487
ml/datasets/fruit_dataset_26/images/train/000000280270.jpg,persimmon,vision_nonfruit_signal,vision_vehicle_0.796,manual_review,Vision top labels: utensil=0.954; tableware=0.954; structure=0.884; drinking_glass=0.874; wood_processed=0.867
ml/datasets/fruit_dataset_26/images/train/000000281051.jpg,strawberry,vision_people_without_fruit_signal,vision_people_0.880,manual_review,Vision top labels: tableware=0.892; utensil=0.892; drinking_glass=0.892; people=0.880; adult=0.880
ml/datasets/fruit_dataset_26/images/train/000000281060.jpg,apple,vision_nonfruit_signal,vision_computer_0.944,exclude_from_training,Vision top labels: consumer_electronics=0.944; machine=0.944; computer=0.944; laptop=0.944; material=0.398
ml/datasets/fruit_dataset_26/images/train/000000282351.jpg,grape,vision_nonfruit_signal,vision_art_0.724,manual_review,Vision top labels: art=0.724; decoration=0.723; frame=0.723; structure=0.680; conveyance=0.679
ml/datasets/fruit_dataset_26/images/train/000000282692.jpg,orange,vision_people_without_fruit_signal,vision_people_0.933,manual_review,Vision top labels: people=0.933; child=0.933; clothing=0.108; bib=0.104; hoodie=0.061
ml/datasets/fruit_dataset_26/images/train/000000283874.jpg,apple|pear,vision_people_without_fruit_signal,vision_people_0.891,manual_review,Vision top labels: people=0.891; adult=0.891; outdoor=0.542; sky=0.542; cloudy=0.525
ml/datasets/fruit_dataset_26/images/train/000000284934.jpg,apple,vision_people_without_fruit_signal,vision_people_0.858,manual_review,Vision top labels: people=0.858; adult=0.858; grass=0.829; land=0.829; outdoor=0.829
ml/datasets/fruit_dataset_26/images/train/000000285194.jpg,pear,vision_people_without_fruit_signal,vision_people_0.920,manual_review,Vision top labels: people=0.920; crowd=0.832; adult=0.821; celebration=0.718; costume=0.718
ml/datasets/fruit_dataset_26/images/train/000000285257.jpg,strawberry,vision_nonfruit_signal,vision_animal_0.716,manual_review,Vision top labels: tableware=0.866; utensil=0.866; plate=0.849; structure=0.804; animal=0.716
ml/datasets/fruit_dataset_26/images/train/000000286159.jpg,apple,vision_nonfruit_signal,vision_bedding_0.679,manual_review,Vision top labels: material=0.802; curtain=0.785; container=0.689; luggage=0.689; suitcase=0.687
ml/datasets/fruit_dataset_26/images/train/000000286550.jpg,apple,vision_people_without_fruit_signal,vision_people_0.940,manual_review,Vision top labels: people=0.940; adult=0.940; consumer_electronics=0.890; machine=0.890; computer=0.890
ml/datasets/fruit_dataset_26/images/train/000000289714.jpg,orange,vision_people_without_fruit_signal,vision_people_0.907,manual_review,Vision top labels: people=0.907; adult=0.907; structure=0.827; furniture=0.827; cabinet=0.827
ml/datasets/fruit_dataset_26/images/train/000000290524.jpg,apple,vision_nonfruit_signal,vision_computer_0.676,manual_review,Vision top labels: structure=0.810; wood_processed=0.792; machine=0.684; consumer_electronics=0.676; computer=0.676
ml/datasets/fruit_dataset_26/images/train/000000290720.jpg,persimmon,vision_people_without_fruit_signal,vision_people_0.773,manual_review,Vision top labels: people=0.773; adult=0.691; eyeglasses=0.661; optical_equipment=0.661; child=0.638
ml/datasets/fruit_dataset_26/images/train/000000292051.jpg,apple,vision_nonfruit_signal,vision_document_0.831,manual_review,Vision top labels: structure=0.977; bookshelf=0.958; book=0.831; document=0.831; wood_processed=0.810
ml/datasets/fruit_dataset_26/images/train/000000292558.jpg,apple,vision_nonfruit_signal,vision_computer_0.944,exclude_from_training,Vision top labels: machine=0.944; consumer_electronics=0.944; computer=0.944; computer_monitor=0.899; computer_keyboard=0.787
ml/datasets/fruit_dataset_26/images/train/000000295263.jpg,mango,vision_people_without_fruit_signal,vision_people_0.915,manual_review,Vision top labels: structure=0.956; people=0.915; adult=0.915; wood_processed=0.843; furniture=0.804
ml/datasets/fruit_dataset_26/images/train/000000295837.jpg,mango,vision_people_without_fruit_signal,vision_people_0.936,manual_review,Vision top labels: people=0.936; adult=0.936; structure=0.901; furniture=0.815; cabinet=0.815
ml/datasets/fruit_dataset_26/images/train/000000295889.jpg,cherry,vision_nonfruit_signal,vision_furniture_0.822,manual_review,Vision top labels: structure=0.959; wood_processed=0.896; furniture=0.822; cabinet=0.822; conveyance=0.655
ml/datasets/fruit_dataset_26/images/train/000000296161.jpg,apple,vision_nonfruit_signal,vision_animal_0.763,manual_review,Vision top labels: material=0.870; textile=0.870; structure=0.782; wood_processed=0.780; animal=0.763
ml/datasets/fruit_dataset_26/images/train/000000297639.jpg,orange,vision_nonfruit_signal,vision_furniture_0.922,manual_review,Vision top labels: structure=0.969; furniture=0.922; cabinet=0.912; conveyance=0.821; portal=0.821
ml/datasets/fruit_dataset_26/images/train/000000297906.jpg,mango,vision_nonfruit_signal,vision_vehicle_0.655,manual_review,Vision top labels: outdoor=0.888; blue_sky=0.839; sky=0.839; land=0.707; road=0.700
ml/datasets/fruit_dataset_26/images/train/000000298008.jpg,pear,vision_people_without_fruit_signal,vision_people_0.927,manual_review,Vision top labels: umbrella=0.932; utensil=0.932; people=0.927; adult=0.927; machine=0.688
ml/datasets/fruit_dataset_26/images/train/000000300577.jpg,strawberry,vision_people_without_fruit_signal,vision_people_0.888,manual_review,Vision top labels: tableware=0.933; utensil=0.933; people=0.888; adult=0.888; interior_room=0.883
ml/datasets/fruit_dataset_26/images/train/000000302569.jpg,strawberry,vision_people_without_fruit_signal,vision_people_0.811,manual_review,Vision top labels: outdoor=0.946; land=0.946; grass=0.919; clothing=0.864; jeans=0.864
ml/datasets/fruit_dataset_26/images/train/000000302657.jpg,pear,vision_people_without_fruit_signal,vision_people_0.902,manual_review,Vision top labels: people=0.902; child=0.902; tableware=0.644; utensil=0.644; plate=0.631
ml/datasets/fruit_dataset_26/images/train/000000303144.jpg,apple,vision_people_without_fruit_signal,vision_people_0.945,manual_review,Vision top labels: computer=0.978; consumer_electronics=0.978; laptop=0.978; machine=0.978; people=0.945
ml/datasets/fruit_dataset_26/images/train/000000303735.jpg,pear,vision_people_without_fruit_signal,vision_people_0.898,manual_review,Vision top labels: people=0.898; adult=0.898; art=0.293; decoration=0.285; frame=0.285
ml/datasets/fruit_dataset_26/images/train/000000304757.jpg,apple,vision_people_without_fruit_signal,vision_people_0.850,manual_review,Vision top labels: consumer_electronics=0.920; machine=0.920; computer=0.920; laptop=0.920; people=0.850
ml/datasets/fruit_dataset_26/images/train/000000304765.jpg,apple,vision_people_without_fruit_signal,vision_people_0.943,manual_review,Vision top labels: people=0.943; adult=0.943; structure=0.938; wood_processed=0.891; clothing=0.820
ml/datasets/fruit_dataset_26/images/train/000000304777.jpg,apple|blueberry,vision_nonfruit_signal,vision_bedding_0.722,manual_review,Vision top labels: bedding=0.722; housewares=0.722; machine=0.580; consumer_electronics=0.580; computer=0.580
ml/datasets/fruit_dataset_26/images/train/000000305168.jpg,cherry,vision_people_without_fruit_signal,vision_people_0.952,manual_review,Vision top labels: people=0.952; adult=0.952; structure=0.352; furniture=0.350; table=0.350
ml/datasets/fruit_dataset_26/images/train/000000308470.jpg,pear,vision_people_without_fruit_signal,vision_people_0.905,manual_review,Vision top labels: outdoor=0.966; grass=0.966; land=0.966; clothing=0.935; jeans=0.911
ml/datasets/fruit_dataset_26/images/train/000000310150.jpg,pear,vision_people_without_fruit_signal,vision_people_0.932,manual_review,Vision top labels: adult=0.932; people=0.932; computer=0.803; consumer_electronics=0.803; machine=0.803
ml/datasets/fruit_dataset_26/images/train/000000310645.jpg,orange|pear|persimmon,vision_nonfruit_signal,vision_animal_0.702,manual_review,Vision top labels: structure=0.711; wood_processed=0.711; animal=0.702; canine=0.702; dog=0.702
ml/datasets/fruit_dataset_26/images/train/000000310972.jpg,apple,vision_nonfruit_signal,vision_computer_0.613,manual_review,Vision top labels: lamp=0.942; light=0.942; machine=0.613; consumer_electronics=0.613; computer=0.613
ml/datasets/fruit_dataset_26/images/train/000000314203.jpg,apple,vision_nonfruit_signal,vision_document_0.643,manual_review,Vision top labels: structure=0.806; wood_processed=0.806; document=0.643; machine=0.385; consumer_electronics=0.385
ml/datasets/fruit_dataset_26/images/train/000000314392.jpg,orange,vision_people_without_fruit_signal,vision_people_0.962,manual_review,Vision top labels: people=0.962; adult=0.962; structure=0.929; wood_processed=0.920; clothing=0.916
ml/datasets/fruit_dataset_26/images/train/000000317237.jpg,pear,vision_people_without_fruit_signal,vision_people_0.771,manual_review,Vision top labels: structure=0.794; people=0.771; child=0.771; utensil=0.732; tableware=0.732
ml/datasets/fruit_dataset_26/images/train/000000317733.jpg,apple,vision_nonfruit_signal,vision_furniture_0.554,manual_review,Vision top labels: structure=0.804; wood_processed=0.773; utensil=0.565; tableware=0.565; furniture=0.554
ml/datasets/fruit_dataset_26/images/train/000000317764.jpg,apple|pear,vision_people_without_fruit_signal,vision_people_0.939,manual_review,Vision top labels: structure=0.989; people=0.939; adult=0.938; furniture=0.926; cabinet=0.926
ml/datasets/fruit_dataset_26/images/train/000000318234.jpg,apple,vision_people_without_fruit_signal,vision_people_0.913,manual_review,Vision top labels: people=0.913; adult=0.913; machine=0.581; consumer_electronics=0.581; computer=0.581
ml/datasets/fruit_dataset_26/images/train/000000319134.jpg,apple,vision_people_without_fruit_signal,vision_people_0.874,manual_review,Vision top labels: structure=0.981; wood_processed=0.936; material=0.910; curtain=0.908; people=0.874
ml/datasets/fruit_dataset_26/images/train/000000319332.jpg,pear,vision_people_without_fruit_signal,vision_people_0.924,manual_review,Vision top labels: adult=0.924; people=0.924; clothing=0.674; headgear=0.674; baseball_hat=0.673
ml/datasets/fruit_dataset_26/images/train/000000319364.jpg,apple,vision_nonfruit_signal,vision_computer_0.989,exclude_from_training,Vision top labels: consumer_electronics=0.989; machine=0.989; computer=0.989; computer_keyboard=0.968; computer_monitor=0.884
ml/datasets/fruit_dataset_26/images/train/000000320918.jpg,pear,vision_people_without_fruit_signal,vision_people_0.852,manual_review,Vision top labels: people=0.852; adult=0.852; material=0.326; raw_glass=0.326; structure=0.267
ml/datasets/fruit_dataset_26/images/train/000000320957.jpg,strawberry,vision_people_without_fruit_signal,vision_people_0.927,manual_review,Vision top labels: structure=0.938; people=0.927; adult=0.927; conveyance=0.888; portal=0.888
ml/datasets/fruit_dataset_26/images/train/000000322094.jpg,apple,vision_people_without_fruit_signal,vision_people_0.747,manual_review,Vision top labels: people=0.747; adult=0.747; machine=0.675; bicycle=0.633; vehicle=0.633
ml/datasets/fruit_dataset_26/images/train/000000323129.jpg,pear,vision_people_without_fruit_signal,vision_people_0.920,manual_review,Vision top labels: people=0.920; adult=0.920; structure=0.856; wood_processed=0.836; material=0.786
ml/datasets/fruit_dataset_26/images/train/000000323728.jpg,apple,vision_people_without_fruit_signal,vision_people_0.910,manual_review,Vision top labels: people=0.910; adult=0.910; machine=0.667; consumer_electronics=0.667; computer=0.667
ml/datasets/fruit_dataset_26/images/train/000000324708.jpg,mango,vision_people_without_fruit_signal,vision_people_0.758,manual_review,Vision top labels: animal=0.896; mammal=0.896; ungulates=0.896; goat=0.896; structure=0.865
ml/datasets/fruit_dataset_26/images/train/000000325505.jpg,pear,vision_nonfruit_signal,vision_furniture_0.902,manual_review,Vision top labels: structure=0.903; cabinet=0.902; furniture=0.902; art=0.671; decoration=0.671
ml/datasets/fruit_dataset_26/images/train/000000326148.jpg,persimmon,vision_people_without_fruit_signal,vision_people_0.889,manual_review,Vision top labels: people=0.889; adult=0.889; structure=0.872; wood_processed=0.866; furniture=0.437
ml/datasets/fruit_dataset_26/images/train/000000328449.jpg,coconut,vision_people_without_fruit_signal,vision_people_0.459,manual_review,Vision top labels: utensil=0.896; umbrella=0.896; outdoor=0.597; sky=0.597; blue_sky=0.597
ml/datasets/fruit_dataset_26/images/train/000000328810.jpg,persimmon,vision_people_without_fruit_signal,vision_people_0.832,manual_review,Vision top labels: people=0.832; adult=0.832; clothing=0.582; structure=0.559; wood_processed=0.559
ml/datasets/fruit_dataset_26/images/train/000000329139.jpg,pear,vision_people_without_fruit_signal,vision_people_0.871,manual_review,Vision top labels: people=0.871; crowd=0.818; adult=0.694; outdoor=0.280; land=0.280
ml/datasets/fruit_dataset_26/images/train/000000330292.jpg,strawberry,vision_people_without_fruit_signal,vision_people_0.895,manual_review,Vision top labels: people=0.895; outdoor=0.894; land=0.894; grass=0.894; crowd=0.824
ml/datasets/fruit_dataset_26/images/train/000000330609.jpg,pear,vision_people_without_fruit_signal,vision_people_0.898,manual_review,Vision top labels: people=0.898; adult=0.898; structure=0.184; furniture=0.177; table=0.177
ml/datasets/fruit_dataset_26/images/train/000000331863.jpg,orange,vision_people_without_fruit_signal,vision_people_0.879,manual_review,Vision top labels: people=0.879; adult=0.879; structure=0.815; furniture=0.723; cabinet=0.644
ml/datasets/fruit_dataset_26/images/train/000000332706.jpg,apple,vision_nonfruit_signal,vision_computer_0.918,exclude_from_training,Vision top labels: consumer_electronics=0.918; machine=0.918; computer=0.918; computer_keyboard=0.871; computer_monitor=0.710
ml/datasets/fruit_dataset_26/images/train/000000332875.jpg,grape,vision_people_without_fruit_signal,vision_people_0.920,manual_review,Vision top labels: people=0.920; adult=0.919; structure=0.839; wood_processed=0.823; utensil=0.565
ml/datasets/fruit_dataset_26/images/train/000000333565.jpg,orange|pear,vision_people_without_fruit_signal,vision_people_0.934,manual_review,Vision top labels: outdoor=0.984; grass=0.940; land=0.940; people=0.934; adult=0.934
ml/datasets/fruit_dataset_26/images/train/000000333580.jpg,pear,vision_nonfruit_signal,vision_furniture_0.856,manual_review,Vision top labels: structure=0.971; material=0.907; curtain=0.892; wood_processed=0.891; furniture=0.856
ml/datasets/fruit_dataset_26/images/train/000000334136.jpg,blueberry,vision_nonfruit_signal,vision_computer_0.660,manual_review,Vision top labels: structure=0.694; wood_processed=0.694; machine=0.660; consumer_electronics=0.660; computer=0.660
ml/datasets/fruit_dataset_26/images/train/000000334328.jpg,pear,vision_nonfruit_signal,vision_furniture_0.890,manual_review,Vision top labels: structure=0.978; wood_processed=0.895; furniture=0.890; cabinet=0.890; conveyance=0.774
ml/datasets/fruit_dataset_26/images/train/000000334587.jpg,apple|orange,vision_nonfruit_signal,vision_furniture_0.680,manual_review,Vision top labels: structure=0.919; wood_processed=0.842; conveyance=0.720; portal=0.720; window=0.720
ml/datasets/fruit_dataset_26/images/train/000000335332.jpg,pear,vision_nonfruit_signal,vision_furniture_0.611,manual_review,Vision top labels: utensil=0.863; tableware=0.863; bowl=0.778; plate=0.691; structure=0.644
ml/datasets/fruit_dataset_26/images/train/000000337275.jpg,apple,vision_nonfruit_signal,vision_animal_0.884,exclude_from_training,Vision top labels: animal=0.884; cat=0.884; feline=0.884; mammal=0.884; adult_cat=0.884
ml/datasets/fruit_dataset_26/images/train/000000339711.jpg,pear,vision_people_without_fruit_signal,vision_people_0.892,manual_review,Vision top labels: umbrella=0.947; utensil=0.947; people=0.892; adult=0.888; structure=0.464
ml/datasets/fruit_dataset_26/images/train/000000341070.jpg,pear,vision_nonfruit_signal,vision_furniture_0.896,manual_review,Vision top labels: structure=0.944; furniture=0.896; cabinet=0.889; arch=0.781; interior_room=0.625
ml/datasets/fruit_dataset_26/images/train/000000341232.jpg,orange,vision_nonfruit_signal,vision_art_0.788,manual_review,Vision top labels: art=0.788; decoration=0.788; frame=0.788; structure=0.754; furniture=0.695
ml/datasets/fruit_dataset_26/images/train/000000341843.jpg,pear,vision_people_without_fruit_signal,vision_people_0.820,manual_review,Vision top labels: people=0.820; child=0.817; material=0.627; textile=0.619; baby=0.328
ml/datasets/fruit_dataset_26/images/train/000000341886.jpg,grape,vision_people_without_fruit_signal,vision_people_0.924,manual_review,Vision top labels: people=0.924; adult=0.924; clothing=0.911; jeans=0.911; structure=0.801
ml/datasets/fruit_dataset_26/images/train/000000343009.jpg,apple,vision_people_without_fruit_signal,vision_people_0.834,manual_review,Vision top labels: people=0.834; adult=0.833; structure=0.742; furniture=0.742; cabinet=0.737
ml/datasets/fruit_dataset_26/images/train/000000345225.jpg,apple|pear,vision_people_without_fruit_signal,vision_people_0.883,manual_review,Vision top labels: people=0.883; adult=0.883; art=0.679; decoration=0.679; material=0.599
ml/datasets/fruit_dataset_26/images/train/000000346503.jpg,grape,vision_nonfruit_signal,vision_furniture_0.861,manual_review,Vision top labels: structure=0.864; furniture=0.861; cabinet=0.861; interior_room=0.426; kitchen=0.426
ml/datasets/fruit_dataset_26/images/train/000000347048.jpg,orange,vision_nonfruit_signal,vision_animal_0.981,exclude_from_training,Vision top labels: animal=0.981; elephant=0.981; mammal=0.981; outdoor=0.327; land=0.327
ml/datasets/fruit_dataset_26/images/train/000000347796.jpg,apple,vision_people_without_fruit_signal,vision_people_0.768,manual_review,Vision top labels: consumer_electronics=0.861; machine=0.861; computer=0.861; laptop=0.861; people=0.768
ml/datasets/fruit_dataset_26/images/train/000000349322.jpg,orange,vision_nonfruit_signal,vision_furniture_0.840,manual_review,Vision top labels: structure=0.959; wood_processed=0.913; cabinet=0.840; furniture=0.840; utensil=0.829
ml/datasets/fruit_dataset_26/images/train/000000349750.jpg,pear,vision_people_without_fruit_signal,vision_people_0.887,manual_review,Vision top labels: people=0.887; adult=0.887; clothing=0.747; suit=0.736; outdoor=0.491
ml/datasets/fruit_dataset_26/images/train/000000349932.jpg,apple,vision_people_without_fruit_signal,vision_people_0.835,manual_review,Vision top labels: clothing=0.866; jeans=0.864; people=0.835; adult=0.835; consumer_electronics=0.795
ml/datasets/fruit_dataset_26/images/train/000000350009.jpg,orange,vision_people_without_fruit_signal,vision_people_0.929,manual_review,Vision top labels: people=0.929; adult=0.929; structure=0.432; furniture=0.413; cabinet=0.413
ml/datasets/fruit_dataset_26/images/train/000000351595.jpg,orange,vision_people_without_fruit_signal,vision_people_0.845,manual_review,Vision top labels: people=0.845; adult=0.845; structure=0.663; wood_processed=0.663; material=0.390
ml/datasets/fruit_dataset_26/images/train/000000351734.jpg,pear,vision_nonfruit_signal,vision_document_0.663,manual_review,Vision top labels: structure=0.887; wood_processed=0.854; material=0.787; textile=0.787; document=0.663
ml/datasets/fruit_dataset_26/images/train/000000352252.jpg,apple,vision_nonfruit_signal,vision_furniture_0.845,manual_review,Vision top labels: structure=0.966; wood_processed=0.903; furniture=0.845; cabinet=0.844; art=0.738
ml/datasets/fruit_dataset_26/images/train/000000353186.jpg,apple,vision_nonfruit_signal,vision_animal_0.996,exclude_from_training,Vision top labels: animal=0.996; mammal=0.996; rodent=0.996; squirrel=0.996; plant=0.121
ml/datasets/fruit_dataset_26/images/train/000000353316.jpg,apple,vision_people_without_fruit_signal,vision_people_0.766,manual_review,Vision top labels: people=0.766; baby=0.766; consumer_electronics=0.554; machine=0.554; computer=0.554
ml/datasets/fruit_dataset_26/images/train/000000353839.jpg,strawberry,vision_nonfruit_signal,vision_furniture_0.618,manual_review,Vision top labels: material=0.868; textile=0.868; structure=0.619; furniture=0.618; table=0.618
ml/datasets/fruit_dataset_26/images/train/000000355360.jpg,mango,vision_people_without_fruit_signal,vision_people_0.749,manual_review,Vision top labels: people=0.749; adult=0.749; interior_room=0.748; interior_shop=0.748; structure=0.397
ml/datasets/fruit_dataset_26/images/train/000000355661.jpg,persimmon,vision_people_without_fruit_signal,vision_people_0.928,manual_review,Vision top labels: people=0.928; adult=0.928; material=0.409; textile=0.409; optical_equipment=0.361
ml/datasets/fruit_dataset_26/images/train/000000355857.jpg,pear,vision_people_without_fruit_signal,vision_people_0.545,manual_review,Vision top labels: celebration=0.637; costume=0.637; toy=0.610; stuffed_animals=0.610; people=0.545
ml/datasets/fruit_dataset_26/images/train/000000356764.jpg,pear,vision_people_without_fruit_signal,vision_people_0.739,manual_review,Vision top labels: structure=0.833; furniture=0.825; high_chair=0.825; people=0.739; baby=0.739
ml/datasets/fruit_dataset_26/images/train/000000356948.jpg,grape,vision_nonfruit_signal,vision_computer_0.731,manual_review,Vision top labels: machine=0.731; consumer_electronics=0.731; computer=0.731; laptop=0.717; cord=0.468
ml/datasets/fruit_dataset_26/images/train/000000357896.jpg,pear,vision_people_without_fruit_signal,vision_people_0.920,manual_review,Vision top labels: people=0.920; child=0.920; structure=0.902; wood_processed=0.902; clothing=0.376
ml/datasets/fruit_dataset_26/images/train/000000358558.jpg,pear,vision_people_without_fruit_signal,vision_people_0.854,manual_review,Vision top labels: people=0.854; child=0.854; structure=0.684; wood_processed=0.654; furniture=0.457
ml/datasets/fruit_dataset_26/images/train/000000360318.jpg,pear,vision_nonfruit_signal,vision_animal_0.964,exclude_from_training,Vision top labels: animal=0.964; mammal=0.964; structure=0.873; rocks=0.873; outdoor=0.069
ml/datasets/fruit_dataset_26/images/train/000000360871.jpg,pear,vision_nonfruit_signal,vision_furniture_0.854,manual_review,Vision top labels: structure=0.855; cabinet=0.854; furniture=0.854; appliance=0.705; machine=0.705
ml/datasets/fruit_dataset_26/images/train/000000361660.jpg,apple,vision_nonfruit_signal,vision_furniture_0.726,manual_review,Vision top labels: structure=0.847; container=0.844; cardboard_box=0.839; furniture=0.726; cabinet=0.726
ml/datasets/fruit_dataset_26/images/train/000000362031.jpg,apple,vision_people_without_fruit_signal,vision_people_0.864,manual_review,Vision top labels: people=0.864; adult=0.864; material=0.389; raw_glass=0.344; brick=0.302
ml/datasets/fruit_dataset_26/images/train/000000362599.jpg,apple|pear,vision_nonfruit_signal,vision_furniture_0.895,manual_review,Vision top labels: structure=0.961; furniture=0.895; cabinet=0.895; wood_processed=0.870; appliance=0.847
ml/datasets/fruit_dataset_26/images/train/000000364032.jpg,apple,vision_nonfruit_signal,vision_furniture_0.882,manual_review,Vision top labels: structure=0.970; conveyance=0.918; portal=0.918; window=0.918; furniture=0.882
ml/datasets/fruit_dataset_26/images/train/000000364228.jpg,apple,vision_people_without_fruit_signal,vision_people_0.737,manual_review,Vision top labels: structure=0.858; sign=0.857; billboards=0.857; people=0.737; crowd=0.729
ml/datasets/fruit_dataset_26/images/train/000000364361.jpg,pear,vision_people_without_fruit_signal,vision_people_0.958,manual_review,Vision top labels: people=0.958; adult=0.958; container=0.687; cardboard_box=0.686; clothing=0.602
ml/datasets/fruit_dataset_26/images/train/000000365947.jpg,pear,vision_people_without_fruit_signal,vision_people_0.914,manual_review,Vision top labels: people=0.914; adult=0.914; structure=0.431; furniture=0.426; cabinet=0.426
ml/datasets/fruit_dataset_26/images/train/000000366389.jpg,orange,vision_fruit_class_disagreement,vision_apple_0.753,manual_review,Vision top labels: food=0.760; fruit=0.760; apple=0.753; container=0.342; mango=0.327
ml/datasets/fruit_dataset_26/images/train/000000366795.jpg,pear,vision_people_without_fruit_signal,vision_people_0.679,manual_review,Vision top labels: people=0.679; child=0.673; material=0.527; textile=0.527; structure=0.370
ml/datasets/fruit_dataset_26/images/train/000000367630.jpg,orange,vision_people_without_fruit_signal,vision_people_0.782,manual_review,Vision top labels: people=0.782; adult=0.782; pillow=0.471; tool=0.471; structure=0.459
ml/datasets/fruit_dataset_26/images/train/000000368402.jpg,orange,vision_people_without_fruit_signal,vision_people_0.919,manual_review,Vision top labels: structure=0.961; adult=0.919; people=0.919; furniture=0.912; cabinet=0.912
ml/datasets/fruit_dataset_26/images/train/000000368577.jpg,pear,vision_people_without_fruit_signal,vision_people_0.947,manual_review,Vision top labels: child=0.947; people=0.947; clothing=0.778; jeans=0.778; food=0.181
ml/datasets/fruit_dataset_26/images/train/000000369941.jpg,apple,vision_people_without_fruit_signal,vision_people_0.911,manual_review,Vision top labels: people=0.911; adult=0.911; food=0.180; fruit=0.180; apple=0.180
ml/datasets/fruit_dataset_26/images/train/000000370793.jpg,apple,vision_people_without_fruit_signal,vision_people_0.631,manual_review,Vision top labels: document=0.801; computer=0.723; consumer_electronics=0.723; laptop=0.723; machine=0.723
ml/datasets/fruit_dataset_26/images/train/000000371786.jpg,orange,vision_people_without_fruit_signal,vision_people_0.954,manual_review,Vision top labels: people=0.954; adult=0.954; clothing=0.708; apron=0.608; jeans=0.604
ml/datasets/fruit_dataset_26/images/train/000000372172.jpg,orange,vision_nonfruit_signal,vision_furniture_0.647,manual_review,Vision top labels: utensil=0.976; tableware=0.976; structure=0.900; wood_processed=0.874; bowl=0.869
ml/datasets/fruit_dataset_26/images/train/000000376366.jpg,apple,vision_people_without_fruit_signal,vision_people_0.920,manual_review,Vision top labels: people=0.920; adult=0.920; material=0.917; curtain=0.914; structure=0.807
ml/datasets/fruit_dataset_26/images/train/000000376988.jpg,apple,vision_people_without_fruit_signal,vision_people_0.927,manual_review,Vision top labels: people=0.927; adult=0.927; consumer_electronics=0.857; machine=0.857; computer=0.857
ml/datasets/fruit_dataset_26/images/train/000000377007.jpg,apple,vision_nonfruit_signal,vision_computer_0.961,exclude_from_training,Vision top labels: machine=0.961; consumer_electronics=0.961; computer=0.961; computer_monitor=0.903; structure=0.888
ml/datasets/fruit_dataset_26/images/train/000000377251.jpg,persimmon,vision_people_without_fruit_signal,vision_people_0.910,manual_review,Vision top labels: structure=0.926; people=0.910; child=0.910; utensil=0.857; tableware=0.857
ml/datasets/fruit_dataset_26/images/train/000000379034.jpg,grape,vision_people_without_fruit_signal,vision_people_0.936,manual_review,Vision top labels: people=0.936; adult=0.925; clothing=0.851; military_uniform=0.851; tableware=0.718
ml/datasets/fruit_dataset_26/images/train/000000380889.jpg,apple,vision_people_without_fruit_signal,vision_people_0.919,manual_review,Vision top labels: people=0.919; adult=0.919; consumer_electronics=0.867; machine=0.867; computer=0.867
ml/datasets/fruit_dataset_26/images/train/000000381458.jpg,blueberry,vision_people_without_fruit_signal,vision_people_0.748,manual_review,Vision top labels: people=0.748; adult=0.748; utensil=0.684; tableware=0.683; plate=0.679
ml/datasets/fruit_dataset_26/images/train/000000383090.jpg,pear,vision_people_without_fruit_signal,vision_people_0.871,manual_review,Vision top labels: structure=0.943; people=0.871; child=0.871; wood_processed=0.870; furniture=0.842
ml/datasets/fruit_dataset_26/images/train/000000383229.jpg,strawberry,vision_people_without_fruit_signal,vision_people_0.564,manual_review,Vision top labels: recreation=0.797; sport=0.797; jockey_horse=0.797; animal=0.651; mammal=0.651
ml/datasets/fruit_dataset_26/images/train/000000385485.jpg,apple,vision_nonfruit_signal,vision_furniture_0.787,manual_review,Vision top labels: structure=0.854; furniture=0.787; sofa=0.774; wood_processed=0.658; conveyance=0.505
ml/datasets/fruit_dataset_26/images/train/000000387712.jpg,orange,vision_people_without_fruit_signal,vision_people_0.832,manual_review,Vision top labels: structure=0.970; furniture=0.915; table=0.915; utensil=0.894; tableware=0.894
ml/datasets/fruit_dataset_26/images/train/000000388403.jpg,apple,vision_people_without_fruit_signal,vision_people_0.926,manual_review,Vision top labels: performance=0.968; recreation=0.968; juggling=0.968; people=0.926; adult=0.926
ml/datasets/fruit_dataset_26/images/train/000000389006.jpg,apple,vision_nonfruit_signal,vision_furniture_0.933,manual_review,Vision top labels: structure=0.978; furniture=0.933; cabinet=0.933; wood_processed=0.809; conveyance=0.792
ml/datasets/fruit_dataset_26/images/train/000000389702.jpg,pear,vision_nonfruit_signal,vision_animal_0.733,manual_review,Vision top labels: animal=0.733; mammal=0.733; cat=0.733; feline=0.733; adult_cat=0.733
ml/datasets/fruit_dataset_26/images/train/000000390093.jpg,pear,vision_people_without_fruit_signal,vision_people_0.816,manual_review,Vision top labels: people=0.816; child=0.815; clothing=0.503; hat=0.502; headgear=0.502
ml/datasets/fruit_dataset_26/images/train/000000390797.jpg,pear,vision_people_without_fruit_signal,vision_people_0.621,manual_review,Vision top labels: people=0.621; adult=0.621; structure=0.469; wood_processed=0.469; teen=0.150
ml/datasets/fruit_dataset_26/images/train/000000390941.jpg,strawberry,vision_people_without_fruit_signal,vision_people_0.917,manual_review,Vision top labels: people=0.917; adult=0.917; structure=0.281; wood_processed=0.281; material=0.126
ml/datasets/fruit_dataset_26/images/train/000000392843.jpg,mango,vision_nonfruit_signal,vision_vehicle_0.786,manual_review,Vision top labels: outdoor=0.991; blue_sky=0.963; sky=0.963; land=0.927; grass=0.847
ml/datasets/fruit_dataset_26/images/train/000000394412.jpg,orange,vision_people_without_fruit_signal,vision_people_0.683,manual_review,Vision top labels: container=0.807; basket_container=0.793; people=0.683; adult=0.683; bottle=0.397
ml/datasets/fruit_dataset_26/images/train/000000395965.jpg,apple,vision_people_without_fruit_signal,vision_people_0.886,manual_review,Vision top labels: people=0.886; adult=0.885; material=0.766; tableware=0.752; utensil=0.752
ml/datasets/fruit_dataset_26/images/train/000000396082.jpg,apple,vision_people_without_fruit_signal,vision_people_0.599,manual_review,Vision top labels: people=0.599; adult=0.599; material=0.562; brick=0.561; art=0.408
ml/datasets/fruit_dataset_26/images/train/000000396296.jpg,pear,vision_nonfruit_signal,vision_animal_0.677,manual_review,Vision top labels: animal=0.677; canine=0.677; dog=0.677; mammal=0.677; ridgeback=0.677
ml/datasets/fruit_dataset_26/images/train/000000396862.jpg,pear,vision_people_without_fruit_signal,vision_people_0.951,manual_review,Vision top labels: people=0.951; adult=0.951; outdoor=0.898; sky=0.898; blue_sky=0.897
ml/datasets/fruit_dataset_26/images/train/000000396984.jpg,apple,vision_nonfruit_signal,vision_computer_0.957,exclude_from_training,Vision top labels: consumer_electronics=0.957; machine=0.957; computer=0.957; laptop=0.953; computer_mouse=0.512
ml/datasets/fruit_dataset_26/images/train/000000397404.jpg,orange|pear|grape,vision_nonfruit_signal,vision_furniture_0.954,manual_review,Vision top labels: structure=0.984; furniture=0.954; cabinet=0.954; wood_processed=0.896; interior_room=0.708
ml/datasets/fruit_dataset_26/images/train/000000400028.jpg,apple,vision_people_without_fruit_signal,vision_people_0.846,manual_review,Vision top labels: computer=0.924; consumer_electronics=0.924; laptop=0.924; machine=0.924; people=0.846
ml/datasets/fruit_dataset_26/images/train/000000400245.jpg,pear,vision_people_without_fruit_signal,vision_people_0.815,manual_review,Vision top labels: material=0.858; textile=0.858; structure=0.854; wood_processed=0.851; people=0.815
ml/datasets/fruit_dataset_26/images/train/000000400999.jpg,apple,vision_nonfruit_signal,vision_animal_0.902,exclude_from_training,Vision top labels: animal=0.902; cat=0.902; feline=0.902; mammal=0.902; adult_cat=0.902
ml/datasets/fruit_dataset_26/images/train/000000401218.jpg,blueberry|strawberry,vision_nonfruit_signal,vision_animal_0.653,manual_review,Vision top labels: structure=0.874; wood_processed=0.874; animal=0.653; canine=0.653; dog=0.653
ml/datasets/fruit_dataset_26/images/train/000000404114.jpg,apple,vision_people_without_fruit_signal,vision_people_0.575,manual_review,Vision top labels: outdoor=0.955; grass=0.884; land=0.884; sky=0.866; blue_sky=0.866
ml/datasets/fruit_dataset_26/images/train/000000404592.jpg,apple,vision_people_without_fruit_signal,vision_people_0.882,manual_review,Vision top labels: adult=0.882; people=0.882; consumer_electronics=0.792; machine=0.792; computer=0.792
ml/datasets/fruit_dataset_26/images/train/000000405499.jpg,strawberry,vision_people_without_fruit_signal,vision_people_0.764,manual_review,Vision top labels: outdoor=0.893; grass=0.888; land=0.888; structure=0.828; wood_natural=0.828
ml/datasets/fruit_dataset_26/images/train/000000407192.jpg,cherry,vision_people_without_fruit_signal,vision_people_0.633,manual_review,Vision top labels: people=0.633; structure=0.608; child=0.593; adult=0.451; material=0.318
ml/datasets/fruit_dataset_26/images/train/000000409821.jpg,apple,vision_nonfruit_signal,vision_clothing_0.669,manual_review,Vision top labels: structure=0.776; wood_processed=0.776; clothing=0.669; jeans=0.664; container=0.498
ml/datasets/fruit_dataset_26/images/train/000000410960.jpg,pear,vision_people_without_fruit_signal,vision_people_0.866,manual_review,Vision top labels: adult=0.866; people=0.866; tool=0.269; smoking_item=0.269; cigarette=0.269
ml/datasets/fruit_dataset_26/images/train/000000411327.jpg,pear|cherry|strawberry,vision_people_without_fruit_signal,vision_people_0.862,manual_review,Vision top labels: people=0.862; adult=0.862; document=0.516; printed_page=0.516; structure=0.457
ml/datasets/fruit_dataset_26/images/train/000000413401.jpg,pear,vision_fruit_class_disagreement,vision_strawberry_0.799,manual_review,Vision top labels: structure=0.925; wood_processed=0.925; tableware=0.882; utensil=0.882; bowl=0.824
ml/datasets/fruit_dataset_26/images/train/000000414471.jpg,apple,vision_people_without_fruit_signal,vision_people_0.821,manual_review,Vision top labels: adult=0.821; people=0.821; clothing=0.199; jeans=0.171; material=0.079
ml/datasets/fruit_dataset_26/images/train/000000416002.jpg,apple,vision_nonfruit_signal,vision_computer_0.626,manual_review,Vision top labels: machine=0.697; consumer_electronics=0.697; computer=0.626; computer_monitor=0.622; television=0.558
ml/datasets/fruit_dataset_26/images/train/000000416315.jpg,persimmon,vision_nonfruit_signal,vision_animal_0.913,exclude_from_training,Vision top labels: animal=0.913; cat=0.913; feline=0.913; mammal=0.913; adult_cat=0.913
ml/datasets/fruit_dataset_26/images/train/000000418107.jpg,apple,vision_people_without_fruit_signal,vision_people_0.919,manual_review,Vision top labels: people=0.919; adult=0.919; machine=0.885; computer=0.885; consumer_electronics=0.885
ml/datasets/fruit_dataset_26/images/train/000000418409.jpg,apple,vision_people_without_fruit_signal,vision_people_0.883,manual_review,Vision top labels: people=0.883; adult=0.883; consumer_electronics=0.874; machine=0.874; computer=0.874
ml/datasets/fruit_dataset_26/images/train/000000420146.jpg,persimmon,vision_people_without_fruit_signal,vision_people_0.935,manual_review,Vision top labels: adult=0.935; people=0.935; structure=0.650; conveyance=0.556; portal=0.556
ml/datasets/fruit_dataset_26/images/train/000000421560.jpg,orange,vision_nonfruit_signal,vision_furniture_0.878,manual_review,Vision top labels: structure=0.954; furniture=0.878; cabinet=0.878; wood_processed=0.872; interior_room=0.580
ml/datasets/fruit_dataset_26/images/train/000000421619.jpg,orange,vision_people_without_fruit_signal,vision_people_0.643,manual_review,Vision top labels: machine=0.840; vehicle=0.840; motorcycle=0.837; structure=0.663; fence=0.659
ml/datasets/fruit_dataset_26/images/train/000000423310.jpg,apple,vision_people_without_fruit_signal,vision_people_0.767,manual_review,Vision top labels: clothing=0.861; people=0.767; child=0.767; material=0.733; textile=0.733
ml/datasets/fruit_dataset_26/images/train/000000423778.jpg,cherry,vision_people_without_fruit_signal,vision_people_0.621,manual_review,Vision top labels: outdoor=0.982; sky=0.942; cloudy=0.942; land=0.903; beach=0.903
ml/datasets/fruit_dataset_26/images/train/000000423832.jpg,pear,vision_people_without_fruit_signal,vision_people_0.788,manual_review,Vision top labels: people=0.788; adult=0.788; document=0.362; handwriting=0.362; teen=0.177
ml/datasets/fruit_dataset_26/images/train/000000424307.jpg,mango,vision_nonfruit_signal,vision_furniture_0.725,manual_review,Vision top labels: structure=0.737; furniture=0.725; cabinet=0.712; machine=0.527; appliance=0.523
ml/datasets/fruit_dataset_26/images/train/000000424337.jpg,pear,vision_nonfruit_signal,vision_furniture_0.897,manual_review,Vision top labels: structure=0.984; conveyance=0.921; portal=0.921; window=0.921; furniture=0.897
ml/datasets/fruit_dataset_26/images/train/000000424632.jpg,pear,vision_nonfruit_signal,vision_furniture_0.851,manual_review,Vision top labels: structure=0.880; furniture=0.851; cabinet=0.846; wood_processed=0.629; machine=0.504
ml/datasets/fruit_dataset_26/images/train/000000425899.jpg,apple,vision_nonfruit_signal,vision_computer_0.743,manual_review,Vision top labels: machine=0.743; consumer_electronics=0.743; computer=0.743; computer_monitor=0.721; music=0.634
ml/datasets/fruit_dataset_26/images/train/000000426663.jpg,apple|cherry,vision_people_without_fruit_signal,vision_people_0.812,manual_review,Vision top labels: people=0.812; adult=0.811; animal=0.322; mammal=0.322; ungulates=0.322
ml/datasets/fruit_dataset_26/images/train/000000427823.jpg,cherry,vision_people_without_fruit_signal,vision_people_0.950,manual_review,Vision top labels: people=0.950; adult=0.950; interior_room=0.822; restaurant=0.822; structure=0.805
ml/datasets/fruit_dataset_26/images/train/000000428148.jpg,apple,vision_nonfruit_signal,vision_computer_0.906,exclude_from_training,Vision top labels: machine=0.906; computer=0.906; consumer_electronics=0.906; computer_keyboard=0.902; structure=0.615
ml/datasets/fruit_dataset_26/images/train/000000430397.jpg,orange,vision_people_without_fruit_signal,vision_people_0.871,manual_review,Vision top labels: people=0.871; baby=0.871; material=0.452; textile=0.452; clothing=0.143
ml/datasets/fruit_dataset_26/images/train/000000430480.jpg,coconut,vision_people_without_fruit_signal,vision_people_0.853,manual_review,Vision top labels: people=0.853; adult=0.853; outdoor=0.698; sky=0.658; cloudy=0.658
ml/datasets/fruit_dataset_26/images/train/000000432417.jpg,orange,vision_nonfruit_signal,vision_furniture_0.907,manual_review,Vision top labels: structure=0.961; furniture=0.907; cabinet=0.907; machine=0.882; appliance=0.882
ml/datasets/fruit_dataset_26/images/train/000000434222.jpg,apple,vision_nonfruit_signal,vision_computer_0.821,manual_review,Vision top labels: machine=0.821; consumer_electronics=0.821; computer=0.821; animal=0.729; cat=0.729
ml/datasets/fruit_dataset_26/images/train/000000434385.jpg,apple,vision_nonfruit_signal,vision_animal_0.860,exclude_from_training,Vision top labels: animal=0.860; cat=0.860; feline=0.860; mammal=0.860; adult_cat=0.858
ml/datasets/fruit_dataset_26/images/train/000000435311.jpg,pear,vision_people_without_fruit_signal,vision_people_0.848,manual_review,Vision top labels: people=0.848; adult=0.848; machine=0.485; vehicle=0.485; bicycle=0.485
ml/datasets/fruit_dataset_26/images/train/000000436038.jpg,apple,vision_people_without_fruit_signal,vision_people_0.915,manual_review,Vision top labels: structure=0.945; consumer_electronics=0.942; machine=0.942; computer=0.942; laptop=0.942
ml/datasets/fruit_dataset_26/images/train/000000436354.jpg,pear|persimmon,vision_nonfruit_signal,vision_furniture_0.741,manual_review,Vision top labels: structure=0.970; wood_processed=0.957; furniture=0.741; table=0.741; food=0.202
ml/datasets/fruit_dataset_26/images/train/000000436507.jpg,papaya,vision_people_without_fruit_signal,vision_people_0.917,manual_review,Vision top labels: people=0.917; adult=0.917; structure=0.590; sign=0.561; machine=0.481
ml/datasets/fruit_dataset_26/images/train/000000437282.jpg,orange|persimmon,vision_nonfruit_signal,vision_clothing_0.699,manual_review,Vision top labels: appliance=0.892; machine=0.892; refrigerator=0.892; structure=0.780; wood_processed=0.780
ml/datasets/fruit_dataset_26/images/train/000000439333.jpg,apple,vision_nonfruit_signal,vision_computer_0.680,manual_review,Vision top labels: machine=0.680; consumer_electronics=0.680; computer=0.680; computer_monitor=0.657; structure=0.564
ml/datasets/fruit_dataset_26/images/train/000000441903.jpg,persimmon,vision_people_without_fruit_signal,vision_people_0.912,manual_review,Vision top labels: structure=0.949; furniture=0.923; cabinet=0.922; people=0.912; adult=0.911
ml/datasets/fruit_dataset_26/images/train/000000442197.jpg,orange,vision_nonfruit_signal,vision_document_0.838,manual_review,Vision top labels: document=0.838; handwriting=0.838; office_supplies=0.784; whiteboard=0.784; machine=0.631
ml/datasets/fruit_dataset_26/images/train/000000444080.jpg,apple,vision_nonfruit_signal,vision_animal_0.706,manual_review,Vision top labels: animal=0.706; bird=0.706; parrot=0.650; parakeet=0.539; structure=0.332
ml/datasets/fruit_dataset_26/images/train/000000444467.jpg,apple|orange,vision_people_without_fruit_signal,vision_people_0.893,manual_review,Vision top labels: people=0.893; adult=0.893; clothing=0.691; hat=0.682; headgear=0.682
ml/datasets/fruit_dataset_26/images/train/000000446670.jpg,pear,vision_nonfruit_signal,vision_furniture_0.927,manual_review,Vision top labels: structure=0.948; furniture=0.927; table=0.927; wood_processed=0.665; bookshelf=0.531
ml/datasets/fruit_dataset_26/images/train/000000446917.jpg,pear,vision_nonfruit_signal,vision_vehicle_0.753,manual_review,Vision top labels: machine=0.753; vehicle=0.753; bicycle=0.753; container=0.123; luggage=0.123
ml/datasets/fruit_dataset_26/images/train/000000448530.jpg,persimmon,vision_nonfruit_signal,vision_furniture_0.679,manual_review,Vision top labels: structure=0.960; wood_processed=0.948; furniture=0.679; cabinet=0.679; container=0.417
ml/datasets/fruit_dataset_26/images/train/000000449693.jpg,mango,vision_nonfruit_signal,vision_furniture_0.562,manual_review,Vision top labels: structure=0.589; container=0.570; vase=0.570; furniture=0.562; cabinet=0.562
ml/datasets/fruit_dataset_26/images/train/000000451240.jpg,persimmon,vision_people_without_fruit_signal,vision_people_0.714,manual_review,Vision top labels: adult=0.714; people=0.714; utensil=0.638; tableware=0.638; plate=0.638
ml/datasets/fruit_dataset_26/images/train/000000452102.jpg,orange|pear,vision_people_without_fruit_signal,vision_people_0.912,manual_review,Vision top labels: people=0.912; adult=0.909; clothing=0.504; headgear=0.503; helmet=0.502
ml/datasets/fruit_dataset_26/images/train/000000453621.jpg,pear,vision_people_without_fruit_signal,vision_people_0.883,manual_review,Vision top labels: child=0.883; people=0.883; clothing=0.095; footwear=0.095; shoes=0.095
ml/datasets/fruit_dataset_26/images/train/000000456389.jpg,pear,vision_people_without_fruit_signal,vision_people_0.946,manual_review,Vision top labels: structure=0.957; people=0.946; adult=0.946; wood_processed=0.937; furniture=0.733
ml/datasets/fruit_dataset_26/images/train/000000458022.jpg,orange,vision_people_without_fruit_signal,vision_people_0.828,manual_review,Vision top labels: clothing=0.870; apron=0.870; people=0.828; adult=0.828; container=0.296
ml/datasets/fruit_dataset_26/images/train/000000461530.jpg,pear,vision_people_without_fruit_signal,vision_people_0.748,manual_review,Vision top labels: structure=0.910; furniture=0.821; table=0.821; wood_processed=0.803; people=0.748
ml/datasets/fruit_dataset_26/images/train/000000462687.jpg,apple,vision_people_without_fruit_signal,vision_people_0.947,manual_review,Vision top labels: people=0.947; adult=0.947; clothing=0.906; baseball_hat=0.906; hat=0.906
ml/datasets/fruit_dataset_26/images/train/000000465027.jpg,apple,vision_nonfruit_signal,vision_computer_0.860,exclude_from_training,Vision top labels: machine=0.860; consumer_electronics=0.860; computer=0.860; computer_monitor=0.818; computer_keyboard=0.627
ml/datasets/fruit_dataset_26/images/train/000000465556.jpg,persimmon|strawberry,vision_people_without_fruit_signal,vision_people_0.907,manual_review,Vision top labels: utensil=0.967; tableware=0.967; drinking_glass=0.919; structure=0.914; people=0.907
ml/datasets/fruit_dataset_26/images/train/000000465595.jpg,apple|pear,vision_people_without_fruit_signal,vision_people_0.949,manual_review,Vision top labels: people=0.949; adult=0.949; structure=0.893; utensil=0.885; tableware=0.885
ml/datasets/fruit_dataset_26/images/train/000000466196.jpg,pear,vision_people_without_fruit_signal,vision_people_0.896,manual_review,Vision top labels: people=0.896; adult=0.896; material=0.237; textile=0.237; container=0.235
ml/datasets/fruit_dataset_26/images/train/000000466207.jpg,apple|pear,vision_nonfruit_signal,vision_furniture_0.634,manual_review,Vision top labels: structure=0.888; wood_processed=0.861; furniture=0.634; table=0.634; material=0.311
ml/datasets/fruit_dataset_26/images/train/000000468243.jpg,grape,vision_people_without_fruit_signal,vision_people_0.847,manual_review,Vision top labels: people=0.847; adult=0.839; drink=0.808; liquid=0.808; wine=0.808
ml/datasets/fruit_dataset_26/images/train/000000469170.jpg,strawberry,vision_people_without_fruit_signal,vision_people_0.902,manual_review,Vision top labels: people=0.902; adult=0.902; structure=0.496; furniture=0.494; table=0.494
ml/datasets/fruit_dataset_26/images/train/000000469206.jpg,pear,vision_people_without_fruit_signal,vision_people_0.780,manual_review,Vision top labels: people=0.780; adult=0.780; art=0.531; graffiti=0.531; structure=0.320
ml/datasets/fruit_dataset_26/images/train/000000469844.jpg,pear,vision_nonfruit_signal,vision_art_0.563,manual_review,Vision top labels: art=0.563; statue=0.421; material=0.037; textile=0.037; structure=0.025
ml/datasets/fruit_dataset_26/images/train/000000470068.jpg,persimmon,vision_nonfruit_signal,vision_furniture_0.591,manual_review,Vision top labels: structure=0.848; conveyance=0.819; portal=0.819; window=0.819; furniture=0.591
ml/datasets/fruit_dataset_26/images/train/000000470393.jpg,strawberry,vision_nonfruit_signal,vision_furniture_0.664,manual_review,Vision top labels: utensil=0.987; tableware=0.987; plate=0.942; drinking_glass=0.909; material=0.808
ml/datasets/fruit_dataset_26/images/train/000000472904.jpg,mango,vision_nonfruit_signal,vision_furniture_0.563,manual_review,Vision top labels: interior_room=0.567; restaurant=0.567; structure=0.564; furniture=0.563; table=0.560
ml/datasets/fruit_dataset_26/images/train/000000474609.jpg,pear,vision_people_without_fruit_signal,vision_people_0.945,manual_review,Vision top labels: adult=0.945; people=0.945; structure=0.922; wood_processed=0.906; machine=0.653
ml/datasets/fruit_dataset_26/images/train/000000475001.jpg,pear,vision_nonfruit_signal,vision_clothing_0.847,manual_review,Vision top labels: structure=0.871; clothing=0.847; furniture=0.840; bench=0.840; jeans=0.819
ml/datasets/fruit_dataset_26/images/train/000000478811.jpg,pear,vision_people_without_fruit_signal,vision_people_0.520,manual_review,Vision top labels: people=0.520; adult=0.520; clothing=0.275; hat=0.275; headgear=0.275
ml/datasets/fruit_dataset_26/images/train/000000480818.jpg,strawberry,vision_people_without_fruit_signal,vision_people_0.877,manual_review,Vision top labels: people=0.877; structure=0.857; adult=0.857; art=0.854; decoration=0.780
ml/datasets/fruit_dataset_26/images/train/000000480908.jpg,strawberry,vision_people_without_fruit_signal,vision_people_0.929,manual_review,Vision top labels: people=0.929; baby=0.876; structure=0.821; wood_processed=0.809; adult=0.782
ml/datasets/fruit_dataset_26/images/train/000000481157.jpg,apple,vision_people_without_fruit_signal,vision_people_0.744,manual_review,Vision top labels: adult=0.744; people=0.744; machine=0.491; consumer_electronics=0.491; computer=0.491
ml/datasets/fruit_dataset_26/images/train/000000483757.jpg,pear,vision_people_without_fruit_signal,vision_people_0.926,manual_review,Vision top labels: people=0.926; clothing=0.910; headgear=0.910; helmet=0.910; adult=0.893
ml/datasets/fruit_dataset_26/images/train/000000485083.jpg,orange,vision_nonfruit_signal,vision_furniture_0.638,manual_review,Vision top labels: structure=0.927; wood_processed=0.893; material=0.802; textile=0.802; container=0.711
ml/datasets/fruit_dataset_26/images/train/000000485483.jpg,pear,vision_nonfruit_signal,vision_furniture_0.824,manual_review,Vision top labels: utensil=0.974; tableware=0.974; plate=0.916; structure=0.907; interior_room=0.860
ml/datasets/fruit_dataset_26/images/train/000000486415.jpg,strawberry,vision_nonfruit_signal,vision_furniture_0.815,manual_review,Vision top labels: utensil=0.935; tableware=0.935; plate=0.894; structure=0.815; furniture=0.815
ml/datasets/fruit_dataset_26/images/train/000000486936.jpg,pear,vision_nonfruit_signal,vision_furniture_0.880,manual_review,Vision top labels: structure=0.966; wood_processed=0.908; furniture=0.880; table=0.879; interior_room=0.816
ml/datasets/fruit_dataset_26/images/train/000000487796.jpg,grape,vision_nonfruit_signal,vision_furniture_0.615,manual_review,Vision top labels: structure=0.616; furniture=0.615; cabinet=0.615; appliance=0.460; machine=0.460
ml/datasets/fruit_dataset_26/images/train/000000488962.jpg,pear,vision_people_without_fruit_signal,vision_people_0.978,manual_review,Vision top labels: people=0.978; adult=0.943; structure=0.869; crowd=0.862; wood_processed=0.854
ml/datasets/fruit_dataset_26/images/train/000000490400.jpg,mango,vision_people_without_fruit_signal,vision_people_0.646,manual_review,Vision top labels: structure=0.937; interior_room=0.921; living_room=0.921; furniture=0.881; sofa=0.830
ml/datasets/fruit_dataset_26/images/train/000000490711.jpg,pear,vision_nonfruit_signal,vision_furniture_0.883,manual_review,Vision top labels: structure=0.883; cabinet=0.883; furniture=0.883; appliance=0.697; machine=0.697
ml/datasets/fruit_dataset_26/images/train/000000495182.jpg,pear,vision_people_without_fruit_signal,vision_people_0.877,manual_review,Vision top labels: people=0.877; child=0.877; structure=0.876; wood_processed=0.846; clothing=0.578
ml/datasets/fruit_dataset_26/images/train/000000496799.jpg,orange,vision_people_without_fruit_signal,vision_people_0.836,manual_review,Vision top labels: people=0.836; child=0.836; structure=0.800; wood_processed=0.799; furniture=0.252
ml/datasets/fruit_dataset_26/images/train/000000499700.jpg,strawberry,vision_people_without_fruit_signal,vision_people_0.914,manual_review,Vision top labels: structure=0.953; wood_processed=0.927; people=0.914; adult=0.914; utensil=0.856
ml/datasets/fruit_dataset_26/images/train/000000500984.jpg,apple,vision_nonfruit_signal,vision_computer_0.787,manual_review,Vision top labels: machine=0.787; computer=0.787; consumer_electronics=0.787; computer_keyboard=0.775; laptop=0.379
ml/datasets/fruit_dataset_26/images/train/000000501388.jpg,pear,vision_people_without_fruit_signal,vision_people_0.846,manual_review,Vision top labels: people=0.846; child=0.845; clothing=0.559; structure=0.537; conveyance=0.537
ml/datasets/fruit_dataset_26/images/train/000000502760.jpg,pear,vision_nonfruit_signal,vision_furniture_0.646,manual_review,Vision top labels: structure=0.876; wood_processed=0.842; furniture=0.646; cabinet=0.646; appliance=0.601
ml/datasets/fruit_dataset_26/images/train/000000504027.jpg,apple,vision_people_without_fruit_signal,vision_people_0.724,manual_review,Vision top labels: people=0.724; adult=0.724; art=0.671; decoration=0.671; frame=0.671
ml/datasets/fruit_dataset_26/images/train/000000505657.jpg,pear,vision_nonfruit_signal,vision_furniture_0.900,manual_review,Vision top labels: structure=0.974; furniture=0.900; cabinet=0.900; conveyance=0.878; portal=0.878
ml/datasets/fruit_dataset_26/images/train/000000506470.jpg,apple|pear,vision_nonfruit_signal,vision_art_0.826,manual_review,Vision top labels: structure=0.938; conveyance=0.924; portal=0.924; door=0.924; art=0.826
ml/datasets/fruit_dataset_26/images/train/000000506605.jpg,apple,vision_nonfruit_signal,vision_computer_0.845,manual_review,Vision top labels: computer=0.845; consumer_electronics=0.845; machine=0.845; computer_monitor=0.775; utensil=0.697
ml/datasets/fruit_dataset_26/images/train/000000508278.jpg,pear,vision_nonfruit_signal,vision_furniture_0.823,manual_review,Vision top labels: structure=0.866; furniture=0.823; cabinet=0.823; interior_room=0.698; kitchen=0.698
ml/datasets/fruit_dataset_26/images/train/000000510138.jpg,apple,vision_people_without_fruit_signal,vision_people_0.925,manual_review,Vision top labels: people=0.925; adult=0.925; consumer_electronics=0.845; machine=0.845; computer=0.845
ml/datasets/fruit_dataset_26/images/train/000000510979.jpg,pear,vision_people_without_fruit_signal,vision_people_0.926,manual_review,Vision top labels: people=0.926; adult=0.925; structure=0.738; furniture=0.671; table=0.659
ml/datasets/fruit_dataset_26/images/train/000000511580.jpg,strawberry,vision_nonfruit_signal,vision_document_0.727,manual_review,Vision top labels: document=0.727; printed_page=0.727; tableware=0.231; utensil=0.231; bowl=0.216
ml/datasets/fruit_dataset_26/images/train/000000514156.jpg,apple,vision_nonfruit_signal,vision_computer_0.863,exclude_from_training,Vision top labels: machine=0.863; consumer_electronics=0.863; computer=0.863; computer_monitor=0.847; structure=0.705
ml/datasets/fruit_dataset_26/images/train/000000514725.jpg,grape,vision_nonfruit_signal,vision_furniture_0.869,manual_review,Vision top labels: structure=0.943; furniture=0.869; table=0.869; wood_processed=0.847; tableware=0.785
ml/datasets/fruit_dataset_26/images/train/000000515158.jpg,pear,vision_people_without_fruit_signal,vision_people_0.855,manual_review,Vision top labels: people=0.855; adult=0.855; material=0.509; textile=0.509; curtain=0.115
ml/datasets/fruit_dataset_26/images/train/000000515878.jpg,peach,vision_nonfruit_signal,vision_furniture_0.935,manual_review,Vision top labels: structure=0.992; furniture=0.935; cabinet=0.935; wood_processed=0.934; machine=0.871
ml/datasets/fruit_dataset_26/images/train/000000517998.jpg,pear,vision_people_without_fruit_signal,vision_people_0.926,manual_review,Vision top labels: computer=0.931; consumer_electronics=0.931; machine=0.931; laptop=0.931; people=0.926
ml/datasets/fruit_dataset_26/images/train/000000518472.jpg,pear,vision_people_without_fruit_signal,vision_people_0.626,manual_review,Vision top labels: people=0.626; adult=0.626; material=0.436; brick=0.435; structure=0.341
ml/datasets/fruit_dataset_26/images/train/000000519157.jpg,apple,vision_people_without_fruit_signal,vision_people_0.877,manual_review,Vision top labels: adult=0.877; people=0.877; appliance=0.633; machine=0.633; refrigerator=0.633
ml/datasets/fruit_dataset_26/images/train/000000520341.jpg,apple,vision_nonfruit_signal,vision_document_0.738,manual_review,Vision top labels: structure=0.942; wood_processed=0.896; chalkboard=0.797; document=0.738; handwriting=0.738
ml/datasets/fruit_dataset_26/images/train/000000520593.jpg,mango,vision_nonfruit_signal,vision_art_0.704,manual_review,Vision top labels: structure=0.910; wood_processed=0.906; machine=0.896; consumer_electronics=0.896; television=0.896
ml/datasets/fruit_dataset_26/images/train/000000520614.jpg,apple,vision_people_without_fruit_signal,vision_people_0.668,manual_review,Vision top labels: document=0.891; computer=0.683; consumer_electronics=0.683; laptop=0.683; machine=0.683
ml/datasets/fruit_dataset_26/images/train/000000520685.jpg,persimmon,vision_people_without_fruit_signal,vision_people_0.907,manual_review,Vision top labels: people=0.907; adult=0.907; clothing=0.429; apron=0.417; material=0.312
ml/datasets/fruit_dataset_26/images/train/000000521570.jpg,pear,vision_people_without_fruit_signal,vision_people_0.876,manual_review,Vision top labels: people=0.876; adult=0.876; eyeglasses=0.869; optical_equipment=0.869; interior_room=0.537
ml/datasets/fruit_dataset_26/images/train/000000521752.jpg,apple,vision_people_without_fruit_signal,vision_people_0.939,manual_review,Vision top labels: people=0.939; adult=0.939; consumer_electronics=0.934; machine=0.934; computer=0.934
ml/datasets/fruit_dataset_26/images/train/000000521947.jpg,apple,vision_nonfruit_signal,vision_computer_0.922,exclude_from_training,Vision top labels: computer=0.922; consumer_electronics=0.922; machine=0.922; computer_keyboard=0.922; structure=0.839
ml/datasets/fruit_dataset_26/images/train/000000522350.jpg,strawberry,vision_people_without_fruit_signal,vision_people_0.739,manual_review,Vision top labels: outdoor=0.857; grass=0.857; land=0.857; recreation=0.833; sport=0.833
ml/datasets/fruit_dataset_26/images/train/000000522771.jpg,pear,vision_people_without_fruit_signal,vision_people_0.934,manual_review,Vision top labels: people=0.934; adult=0.934; clothing=0.666; suit=0.643; eyeglasses=0.554
ml/datasets/fruit_dataset_26/images/train/000000523536.jpg,apple,vision_nonfruit_signal,vision_animal_0.832,manual_review,Vision top labels: animal=0.832; cat=0.832; feline=0.832; mammal=0.832; adult_cat=0.832
ml/datasets/fruit_dataset_26/images/train/000000524649.jpg,orange,vision_people_without_fruit_signal,vision_people_0.723,manual_review,Vision top labels: structure=0.928; wood_processed=0.918; people=0.723; child=0.723; container=0.704
ml/datasets/fruit_dataset_26/images/train/000000525170.jpg,grape,vision_people_without_fruit_signal,vision_people_0.957,manual_review,Vision top labels: people=0.957; adult=0.957; tableware=0.923; utensil=0.923; drinking_glass=0.923
ml/datasets/fruit_dataset_26/images/train/000000526940.jpg,pear,vision_people_without_fruit_signal,vision_people_0.894,manual_review,Vision top labels: people=0.894; adult=0.894; consumer_electronics=0.394; machine=0.394; material=0.222
ml/datasets/fruit_dataset_26/images/train/000000528321.jpg,pear,vision_people_without_fruit_signal,vision_people_0.868,manual_review,Vision top labels: structure=0.900; wood_processed=0.898; people=0.868; child=0.868; utensil=0.724
ml/datasets/fruit_dataset_26/images/train/000000528562.jpg,pear,vision_people_without_fruit_signal,vision_people_0.900,manual_review,Vision top labels: people=0.900; adult=0.900; structure=0.775; clothing=0.480; scarf=0.477
ml/datasets/fruit_dataset_26/images/train/000000528915.jpg,cherry,vision_nonfruit_signal,vision_furniture_0.864,manual_review,Vision top labels: structure=0.978; wood_processed=0.878; furniture=0.864; cabinet=0.864; conveyance=0.850
ml/datasets/fruit_dataset_26/images/train/000000529886.jpg,orange,vision_people_without_fruit_signal,vision_people_0.643,manual_review,Vision top labels: people=0.643; adult=0.642; material=0.433; textile=0.430; tool=0.315
ml/datasets/fruit_dataset_26/images/train/000000530002.jpg,apple,vision_nonfruit_signal,vision_computer_0.837,manual_review,Vision top labels: machine=0.838; consumer_electronics=0.837; computer=0.837; computer_monitor=0.807; computer_keyboard=0.570
ml/datasets/fruit_dataset_26/images/train/000000532734.jpg,pear,vision_people_without_fruit_signal,vision_people_0.741,manual_review,Vision top labels: people=0.741; adult=0.741; structure=0.348; sign=0.347; banner=0.314
ml/datasets/fruit_dataset_26/images/train/000000534467.jpg,apple,vision_nonfruit_signal,vision_furniture_0.919,manual_review,Vision top labels: structure=0.974; machine=0.942; appliance=0.942; furniture=0.919; cabinet=0.919
ml/datasets/fruit_dataset_26/images/train/000000534468.jpg,pear,vision_people_without_fruit_signal,vision_people_0.887,manual_review,Vision top labels: people=0.887; adult=0.887; clothing=0.771; jeans=0.771; material=0.725
ml/datasets/fruit_dataset_26/images/train/000000534892.jpg,cherry,vision_people_without_fruit_signal,vision_people_0.911,manual_review,Vision top labels: people=0.911; adult=0.911; interior_room=0.882; restaurant=0.882; structure=0.726
ml/datasets/fruit_dataset_26/images/train/000000535145.jpg,apple,vision_nonfruit_signal,vision_furniture_0.780,manual_review,Vision top labels: structure=0.784; furniture=0.780; cabinet=0.780; machine=0.769; appliance=0.769
ml/datasets/fruit_dataset_26/images/train/000000539023.jpg,apple|pear,vision_people_without_fruit_signal,vision_people_0.922,manual_review,Vision top labels: structure=0.934; people=0.922; adult=0.922; conveyance=0.849; portal=0.849
ml/datasets/fruit_dataset_26/images/train/000000539056.jpg,apple,vision_nonfruit_signal,vision_document_0.884,exclude_from_training,Vision top labels: structure=0.916; document=0.884; book=0.882; wood_processed=0.855; machine=0.799
ml/datasets/fruit_dataset_26/images/train/000000539844.jpg,apple,vision_people_without_fruit_signal,vision_people_0.714,manual_review,Vision top labels: people=0.714; baby=0.694; bib=0.573; clothing=0.573; material=0.566
ml/datasets/fruit_dataset_26/images/train/000000540006.jpg,pear,vision_people_without_fruit_signal,vision_people_0.852,manual_review,Vision top labels: people=0.852; adult=0.766; child=0.727; utensil=0.508; tableware=0.501
ml/datasets/fruit_dataset_26/images/train/000000541279.jpg,pear,vision_nonfruit_signal,vision_furniture_0.912,manual_review,Vision top labels: structure=0.969; furniture=0.912; cabinet=0.912; wood_processed=0.865; interior_room=0.705
ml/datasets/fruit_dataset_26/images/train/000000542146.jpg,pear,vision_nonfruit_signal,vision_document_0.657,manual_review,Vision top labels: document=0.657; printed_page=0.656; newspaper=0.198; food=0.132; fruit=0.130
ml/datasets/fruit_dataset_26/images/train/000000542221.jpg,pear,vision_people_without_fruit_signal,vision_people_0.792,manual_review,Vision top labels: structure=0.896; wood_processed=0.881; people=0.792; child=0.792; cord=0.674
ml/datasets/fruit_dataset_26/images/train/000000542832.jpg,orange|pear,vision_people_without_fruit_signal,vision_people_0.923,manual_review,Vision top labels: people=0.923; adult=0.923; outdoor=0.618; land=0.617; road=0.609
ml/datasets/fruit_dataset_26/images/train/000000543378.jpg,orange|pear|grape,vision_people_without_fruit_signal,vision_people_0.818,manual_review,Vision top labels: people=0.818; adult=0.818; interior_room=0.674; interior_shop=0.674; container=0.250
ml/datasets/fruit_dataset_26/images/train/000000543882.jpg,apple,vision_nonfruit_signal,vision_furniture_0.762,manual_review,Vision top labels: structure=0.966; material=0.915; wood_processed=0.899; textile=0.864; conveyance=0.812
ml/datasets/fruit_dataset_26/images/train/000000544089.jpg,apple|grape|mango,vision_people_without_fruit_signal,vision_people_0.617,manual_review,Vision top labels: people=0.617; adult=0.617; document=0.445; printed_page=0.445; structure=0.294
ml/datasets/fruit_dataset_26/images/train/000000545160.jpg,pear,vision_nonfruit_signal,vision_furniture_0.859,manual_review,Vision top labels: structure=0.878; furniture=0.859; cabinet=0.859; machine=0.750; appliance=0.749
ml/datasets/fruit_dataset_26/images/train/000000546517.jpg,apple,vision_nonfruit_signal,vision_computer_0.671,manual_review,Vision top labels: machine=0.672; consumer_electronics=0.671; computer=0.671; laptop=0.671; structure=0.623
ml/datasets/fruit_dataset_26/images/train/000000546527.jpg,apple,vision_people_without_fruit_signal,vision_people_0.830,manual_review,Vision top labels: clothing=0.872; beanie=0.871; hat=0.871; headgear=0.871; people=0.830
ml/datasets/fruit_dataset_26/images/train/000000548029.jpg,persimmon,vision_people_without_fruit_signal,vision_people_0.919,manual_review,Vision top labels: people=0.919; adult=0.919; container=0.734; bottle=0.731; utensil=0.715
ml/datasets/fruit_dataset_26/images/train/000000550134.jpg,pear,vision_people_without_fruit_signal,vision_people_0.848,manual_review,Vision top labels: people=0.848; adult=0.848; structure=0.390; rocks=0.388; outdoor=0.386
ml/datasets/fruit_dataset_26/images/train/000000550258.jpg,strawberry,vision_people_without_fruit_signal,vision_people_0.709,manual_review,Vision top labels: structure=0.957; wood_processed=0.938; utensil=0.727; tableware=0.727; people=0.709
ml/datasets/fruit_dataset_26/images/train/000000551314.jpg,persimmon,vision_people_without_fruit_signal,vision_people_0.950,manual_review,Vision top labels: people=0.950; adult=0.950; structure=0.838; wood_processed=0.835; utensil=0.770
ml/datasets/fruit_dataset_26/images/train/000000551718.jpg,mango,vision_nonfruit_signal,vision_furniture_0.936,manual_review,Vision top labels: structure=0.961; furniture=0.936; art=0.919; desk=0.917; decoration=0.917
ml/datasets/fruit_dataset_26/images/train/000000551733.jpg,pear,vision_people_without_fruit_signal,vision_people_0.964,manual_review,Vision top labels: people=0.964; adult=0.922; crowd=0.845; utensil=0.517; umbrella=0.510
ml/datasets/fruit_dataset_26/images/train/000000551849.jpg,pear,vision_people_without_fruit_signal,vision_people_0.930,manual_review,Vision top labels: people=0.930; adult=0.930; clothing=0.395; hat=0.395; headgear=0.395
ml/datasets/fruit_dataset_26/images/train/000000551869.jpg,pear,vision_people_without_fruit_signal,vision_people_0.855,manual_review,Vision top labels: people=0.855; baby=0.854; material=0.268; textile=0.268; child=0.260
ml/datasets/fruit_dataset_26/images/train/000000552502.jpg,orange,vision_nonfruit_signal,vision_furniture_0.917,manual_review,Vision top labels: structure=0.923; furniture=0.917; cabinet=0.911; interior_room=0.835; kitchen=0.835
ml/datasets/fruit_dataset_26/images/train/000000553506.jpg,apple,vision_nonfruit_signal,vision_computer_0.854,exclude_from_training,Vision top labels: computer=0.854; consumer_electronics=0.854; machine=0.854; computer_keyboard=0.850; laptop=0.374
ml/datasets/fruit_dataset_26/images/train/000000554698.jpg,mango,vision_nonfruit_signal,vision_furniture_0.854,manual_review,Vision top labels: structure=0.896; furniture=0.854; cabinet=0.854; wood_processed=0.698; interior_room=0.374
ml/datasets/fruit_dataset_26/images/train/000000556064.jpg,persimmon,vision_people_without_fruit_signal,vision_people_0.913,manual_review,Vision top labels: interior_room=0.972; restaurant=0.972; people=0.913; adult=0.913; tableware=0.864
ml/datasets/fruit_dataset_26/images/train/000000560691.jpg,apple,vision_people_without_fruit_signal,vision_people_0.919,manual_review,Vision top labels: people=0.919; adult=0.919; machine=0.699; consumer_electronics=0.699; television=0.699
ml/datasets/fruit_dataset_26/images/train/000000560753.jpg,pear,vision_people_without_fruit_signal,vision_people_0.795,manual_review,Vision top labels: structure=0.824; wood_processed=0.824; animal=0.799; cat=0.799; feline=0.799
ml/datasets/fruit_dataset_26/images/train/000000561479.jpg,apple,vision_nonfruit_signal,vision_computer_0.944,exclude_from_training,Vision top labels: machine=0.944; consumer_electronics=0.944; computer=0.944; structure=0.927; computer_monitor=0.890
ml/datasets/fruit_dataset_26/images/train/000000561543.jpg,mulberry|blueberry,vision_nonfruit_signal,vision_furniture_0.788,manual_review,Vision top labels: utensil=0.941; tableware=0.941; structure=0.905; plate=0.852; wood_processed=0.825
ml/datasets/fruit_dataset_26/images/train/000000561894.jpg,mango,vision_nonfruit_signal,vision_furniture_0.863,manual_review,Vision top labels: structure=0.952; wood_processed=0.879; furniture=0.863; cabinet=0.863; machine=0.785
ml/datasets/fruit_dataset_26/images/train/000000563355.jpg,persimmon,vision_nonfruit_signal,vision_furniture_0.606,manual_review,Vision top labels: tableware=0.982; utensil=0.982; plate=0.886; drinking_glass=0.872; structure=0.843
ml/datasets/fruit_dataset_26/images/train/000000563606.jpg,pear,vision_nonfruit_signal,vision_clothing_0.672,manual_review,Vision top labels: clothing=0.672; jeans=0.669; footwear=0.267; shoes=0.267; sneaker=0.266
ml/datasets/fruit_dataset_26/images/train/000000563727.jpg,persimmon,vision_people_without_fruit_signal,vision_people_0.808,manual_review,Vision top labels: adult=0.808; people=0.808; smoking_item=0.141; tool=0.141; cigar=0.141
ml/datasets/fruit_dataset_26/images/train/000000564684.jpg,persimmon,vision_nonfruit_signal,vision_furniture_0.593,manual_review,Vision top labels: utensil=0.916; tableware=0.916; plate=0.907; structure=0.602; container=0.597
ml/datasets/fruit_dataset_26/images/train/000000565062.jpg,pear,vision_people_without_fruit_signal,vision_people_0.942,manual_review,Vision top labels: people=0.942; adult=0.941; structure=0.901; wood_processed=0.898; clothing=0.881
ml/datasets/fruit_dataset_26/images/train/000000567389.jpg,apple,vision_nonfruit_signal,vision_computer_0.969,exclude_from_training,Vision top labels: machine=0.969; consumer_electronics=0.969; computer=0.969; computer_mouse=0.867; computer_keyboard=0.861
ml/datasets/fruit_dataset_26/images/train/000000568660.jpg,pear,vision_people_without_fruit_signal,vision_people_0.844,manual_review,Vision top labels: people=0.844; adult=0.844; structure=0.136; conveyance=0.134; portal=0.134
ml/datasets/fruit_dataset_26/images/train/000000569492.jpg,pear,vision_people_without_fruit_signal,vision_people_0.838,manual_review,Vision top labels: structure=0.861; wood_processed=0.855; people=0.838; adult=0.825; utensil=0.713
ml/datasets/fruit_dataset_26/images/train/000000571105.jpg,pear,vision_people_without_fruit_signal,vision_people_0.909,manual_review,Vision top labels: people=0.909; child=0.909; clothing=0.540; jacket=0.539; structure=0.238
ml/datasets/fruit_dataset_26/images/train/000000571431.jpg,apple,vision_nonfruit_signal,vision_furniture_0.759,manual_review,Vision top labels: structure=0.759; furniture=0.759; cabinet=0.759; machine=0.465; appliance=0.465
ml/datasets/fruit_dataset_26/images/train/000000571654.jpg,orange,vision_nonfruit_signal,vision_computer_0.836,manual_review,Vision top labels: machine=0.836; consumer_electronics=0.836; computer=0.836; computer_monitor=0.823; structure=0.736
ml/datasets/fruit_dataset_26/images/train/000000571906.jpg,pear,vision_people_without_fruit_signal,vision_people_0.919,manual_review,Vision top labels: clothing=0.925; jeans=0.922; people=0.919; adult=0.919; material=0.518
ml/datasets/fruit_dataset_26/images/train/000000572012.jpg,pear,vision_people_without_fruit_signal,vision_people_0.524,manual_review,Vision top labels: outdoor=0.927; sky=0.922; blue_sky=0.900; cloudy=0.663; structure=0.651
ml/datasets/fruit_dataset_26/images/train/000000572326.jpg,pear,vision_people_without_fruit_signal,vision_people_0.872,manual_review,Vision top labels: people=0.872; child=0.872; cord=0.407; rope=0.407; candle=0.380
ml/datasets/fruit_dataset_26/images/train/000000573829.jpg,pear,vision_people_without_fruit_signal,vision_people_0.569,manual_review,Vision top labels: structure=0.672; wood_processed=0.672; people=0.569; adult=0.569; art=0.173
ml/datasets/fruit_dataset_26/images/train/000000574735.jpg,pear,vision_nonfruit_signal,vision_furniture_0.925,manual_review,Vision top labels: structure=0.962; furniture=0.925; cabinet=0.925; wood_processed=0.807; interior_room=0.563
ml/datasets/fruit_dataset_26/images/train/000000575469.jpg,pear,vision_nonfruit_signal,vision_furniture_0.703,manual_review,Vision top labels: structure=0.736; furniture=0.703; cabinet=0.703; container=0.635; vase=0.635
ml/datasets/fruit_dataset_26/images/train/000000577122.jpg,apple,vision_people_without_fruit_signal,vision_people_0.833,manual_review,Vision top labels: structure=0.888; utensil=0.887; cutting_board=0.885; people=0.833; adult=0.833
ml/datasets/fruit_dataset_26/images/train/000000578128.jpg,apple,vision_people_without_fruit_signal,vision_people_0.944,manual_review,Vision top labels: people=0.944; adult=0.944; consumer_electronics=0.931; machine=0.931; computer=0.931
ml/datasets/fruit_dataset_26/images/train/000000578663.jpg,pear,vision_people_without_fruit_signal,vision_people_0.837,manual_review,Vision top labels: adult=0.837; people=0.837; art=0.717; decoration=0.717; tattoo=0.717
ml/datasets/fruit_dataset_26/images/train/000000578805.jpg,grape,vision_people_without_fruit_signal,vision_people_0.953,manual_review,Vision top labels: people=0.953; child=0.953; tableware=0.868; utensil=0.868; plate=0.868
ml/datasets/fruit_dataset_26/images/train/000000579224.jpg,pear,vision_nonfruit_signal,vision_animal_0.977,exclude_from_training,Vision top labels: animal=0.977; mammal=0.977; material=0.191; textile=0.191; food=0.064
ml/datasets/fruit_dataset_26/images/train/bayberry_Image_10.jpg,bayberry,vision_people_without_fruit_signal,vision_people_0.615,manual_review,Vision top labels: people=0.615; adult=0.615; clothing=0.124; art=0.079; decoration=0.079
ml/datasets/fruit_dataset_26/images/train/bayberry_Image_13.jpg,bayberry,vision_nonfruit_signal,vision_art_0.785,manual_review,Vision top labels: art=0.785; illustrations=0.785; document=0.472; handwriting=0.464; printed_page=0.238
ml/datasets/fruit_dataset_26/images/train/bayberry_Image_14.jpg,bayberry,vision_nonfruit_signal,vision_art_0.800,manual_review,Vision top labels: art=0.800; illustrations=0.800; document=0.324; printed_page=0.324; structure=0.046
ml/datasets/fruit_dataset_26/images/train/bayberry_Image_18.jpg,bayberry,vision_nonfruit_signal,vision_art_0.646,manual_review,Vision top labels: art=0.646; illustrations=0.646; document=0.265; printed_page=0.265; structure=0.081
ml/datasets/fruit_dataset_26/images/train/bayberry_Image_19.jpg,bayberry,vision_nonfruit_signal,vision_art_0.695,manual_review,Vision top labels: art=0.695; illustrations=0.695; document=0.152; printed_page=0.151; chart=0.058
ml/datasets/fruit_dataset_26/images/train/bayberry_Image_20.jpg,bayberry,vision_people_without_fruit_signal,vision_people_0.645,manual_review,Vision top labels: clothing=0.763; jeans=0.762; people=0.645; adult=0.645; footwear=0.231
ml/datasets/fruit_dataset_26/images/train/bayberry_Image_22.jpg,bayberry,vision_people_without_fruit_signal,vision_people_0.530,manual_review,Vision top labels: people=0.530; adult=0.530; celebration=0.475; ceremony=0.475; wedding=0.475
ml/datasets/fruit_dataset_26/images/train/bayberry_Image_23.jpg,bayberry,vision_nonfruit_signal,vision_art_0.778,manual_review,Vision top labels: art=0.778; illustrations=0.778; structure=0.101; sign=0.101; document=0.064
ml/datasets/fruit_dataset_26/images/train/bayberry_Image_24.jpg,bayberry,vision_nonfruit_signal,vision_art_0.738,manual_review,Vision top labels: art=0.738; illustrations=0.738; document=0.349; printed_page=0.349; map=0.061
ml/datasets/fruit_dataset_26/images/train/bayberry_Image_28.jpg,bayberry,vision_nonfruit_signal,vision_art_0.862,manual_review,Vision top labels: art=0.862; illustrations=0.862; document=0.648; printed_page=0.648; map=0.084
ml/datasets/fruit_dataset_26/images/train/bayberry_Image_33.jpg,bayberry,vision_nonfruit_signal,vision_art_0.710,manual_review,Vision top labels: art=0.710; illustrations=0.710; document=0.091; printed_page=0.091; structure=0.067
ml/datasets/fruit_dataset_26/images/train/bayberry_Image_5.jpg,bayberry,vision_nonfruit_signal,vision_art_0.773,manual_review,Vision top labels: art=0.773; illustrations=0.773; document=0.294; printed_page=0.294; structure=0.061
ml/datasets/fruit_dataset_26/images/train/bayberry_Image_7.jpg,bayberry,vision_nonfruit_signal,vision_clothing_0.938,exclude_from_training,Vision top labels: clothing=0.938; jeans=0.938; outdoor=0.355; grass=0.355; land=0.355
ml/datasets/fruit_dataset_26/images/train/chestnut_Image_12.jpg,chestnut,vision_nonfruit_signal,vision_animal_0.874,exclude_from_training,Vision top labels: animal=0.874; fish=0.874; koi=0.869; liquid=0.473; water=0.473
ml/datasets/fruit_dataset_26/images/train/chestnut_Image_13.jpg,chestnut,vision_nonfruit_signal,vision_animal_0.948,exclude_from_training,Vision top labels: animal=0.948; fish=0.948; koi=0.948; liquid=0.170; water=0.170
ml/datasets/fruit_dataset_26/images/train/chestnut_Image_19.jpg,chestnut,vision_nonfruit_signal,vision_animal_0.649,manual_review,Vision top labels: animal=0.649; fish=0.649; koi=0.649; container=0.157; bottle=0.156
ml/datasets/fruit_dataset_26/images/train/chestnut_Image_24.jpg,chestnut,vision_nonfruit_signal,vision_animal_0.818,manual_review,Vision top labels: animal=0.818; fish=0.818; koi=0.817; goldfish=0.272; liquid=0.269
ml/datasets/fruit_dataset_26/images/train/chestnut_Image_29.jpg,chestnut,vision_nonfruit_signal,vision_animal_0.929,exclude_from_training,Vision top labels: animal=0.929; fish=0.929; guppy=0.929; structure=0.677; fishtank=0.676
ml/datasets/fruit_dataset_26/images/train/chestnut_Image_30.jpg,chestnut,vision_people_without_fruit_signal,vision_people_0.639,manual_review,Vision top labels: people=0.639; adult=0.639; structure=0.153; sign=0.153; art=0.118
ml/datasets/fruit_dataset_26/images/train/chestnut_Image_32.jpg,chestnut,vision_people_without_fruit_signal,vision_people_0.889,manual_review,Vision top labels: people=0.889; adult=0.889; clothing=0.333; container=0.318; luggage=0.318
ml/datasets/fruit_dataset_26/images/train/chestnut_Image_39.jpg,chestnut,vision_nonfruit_signal,vision_art_0.909,manual_review,Vision top labels: art=0.909; illustrations=0.909; people=0.072; adult=0.066; child=0.053
ml/datasets/fruit_dataset_26/images/train/chestnut_Image_48.jpg,chestnut,vision_nonfruit_signal,vision_art_0.832,manual_review,Vision top labels: art=0.832; illustrations=0.832; document=0.065; handwriting=0.065; people=0.027
ml/datasets/fruit_dataset_26/images/train/chestnut_Image_57.jpg,chestnut,vision_nonfruit_signal,vision_art_0.755,manual_review,Vision top labels: art=0.755; illustrations=0.755; animal=0.351; feline=0.351; mammal=0.351
ml/datasets/fruit_dataset_26/images/train/chestnut_Image_8.jpg,chestnut,vision_nonfruit_signal,vision_animal_0.807,manual_review,Vision top labels: animal=0.807; fish=0.807; koi=0.807; structure=0.080; rocks=0.080
ml/datasets/fruit_dataset_26/images/train/hawthorn_Image_1.jpg,hawthorn,vision_people_without_fruit_signal,vision_people_0.953,manual_review,Vision top labels: people=0.953; adult=0.953; structure=0.936; sign=0.849; banner=0.848
ml/datasets/fruit_dataset_26/images/train/hawthorn_Image_2.jpg,hawthorn,vision_people_without_fruit_signal,vision_people_0.793,manual_review,Vision top labels: people=0.793; adult=0.793; document=0.312; ticket=0.307; screenshot=0.155
ml/datasets/fruit_dataset_26/images/train/longan_Image_10.jpg,longan,vision_people_without_fruit_signal,vision_people_0.709,manual_review,Vision top labels: people=0.709; adult=0.705; teen=0.289; clothing=0.104; hoodie=0.104
ml/datasets/fruit_dataset_26/images/train/longan_Image_12.jpg,longan,vision_people_without_fruit_signal,vision_people_0.746,manual_review,Vision top labels: interior_room=0.762; classroom=0.762; people=0.746; adult=0.746; structure=0.659
ml/datasets/fruit_dataset_26/images/train/longan_Image_21.jpg,longan,vision_people_without_fruit_signal,vision_people_0.885,manual_review,Vision top labels: people=0.885; adult=0.877; teen=0.479; clothing=0.439; suit=0.400
ml/datasets/fruit_dataset_26/images/train/longan_Image_26.jpg,longan,vision_people_without_fruit_signal,vision_people_0.924,manual_review,Vision top labels: people=0.924; adult=0.924; eyeglasses=0.876; optical_equipment=0.876; structure=0.790
ml/datasets/fruit_dataset_26/images/train/longan_Image_32.jpg,longan,vision_people_without_fruit_signal,vision_people_0.832,manual_review,Vision top labels: recreation=0.877; sport=0.870; ballgames=0.870; baseball=0.870; people=0.832
ml/datasets/fruit_dataset_26/images/train/longan_Image_35.jpg,longan,vision_people_without_fruit_signal,vision_people_0.833,manual_review,Vision top labels: adult=0.833; people=0.833; recreation=0.634; sport=0.634; ballgames=0.634
ml/datasets/fruit_dataset_26/images/train/longan_Image_37.jpg,longan,vision_people_without_fruit_signal,vision_people_0.779,manual_review,Vision top labels: recreation=0.891; sport=0.891; ballgames=0.865; baseball=0.865; people=0.779
ml/datasets/fruit_dataset_26/images/train/longan_Image_40.jpg,longan,vision_people_without_fruit_signal,vision_people_0.935,manual_review,Vision top labels: adult=0.935; people=0.935; recreation=0.877; sport=0.877; ballgames=0.877
ml/datasets/fruit_dataset_26/images/train/longan_Image_41.jpg,longan,vision_people_without_fruit_signal,vision_people_0.960,manual_review,Vision top labels: adult=0.960; people=0.960; clothing=0.766; hat=0.766; headgear=0.766
ml/datasets/fruit_dataset_26/images/train/longan_Image_46.jpg,longan,vision_people_without_fruit_signal,vision_people_0.913,manual_review,Vision top labels: adult=0.913; people=0.913; clothing=0.788; headgear=0.782; baseball_hat=0.782
ml/datasets/fruit_dataset_26/images/train/longan_Image_48.jpg,longan,vision_nonfruit_signal,vision_clothing_0.757,manual_review,Vision top labels: clothing=0.757; headgear=0.757; helmet=0.757; people=0.442; adult=0.442
ml/datasets/fruit_dataset_26/images/train/longan_Image_50.jpg,longan,vision_people_without_fruit_signal,vision_people_0.888,manual_review,Vision top labels: outdoor=0.919; adult=0.888; people=0.888; sky=0.875; blue_sky=0.801
ml/datasets/fruit_dataset_26/images/train/longan_Image_52.jpg,longan,vision_people_without_fruit_signal,vision_people_0.739,manual_review,Vision top labels: people=0.739; adult=0.739; recreation=0.624; sport=0.624; ballgames=0.624
ml/datasets/fruit_dataset_26/images/train/longan_Image_53.jpg,longan,vision_people_without_fruit_signal,vision_people_0.827,manual_review,Vision top labels: people=0.827; adult=0.823; recreation=0.816; sport=0.816; ballgames=0.810
ml/datasets/fruit_dataset_26/images/train/longan_Image_56.jpg,longan,vision_people_without_fruit_signal,vision_people_0.608,manual_review,Vision top labels: recreation=0.933; sport=0.933; ballgames=0.933; baseball=0.933; grass=0.889
ml/datasets/fruit_dataset_26/images/train/longan_Image_6.jpg,longan,vision_nonfruit_signal,vision_animal_0.959,exclude_from_training,Vision top labels: animal=0.959; canine=0.959; corgi=0.959; dog=0.959; mammal=0.959
ml/datasets/fruit_dataset_26/images/train/longan_Image_8.jpg,longan,vision_people_without_fruit_signal,vision_people_0.857,manual_review,Vision top labels: people=0.857; adult=0.854; structure=0.468; furniture=0.396; clothing=0.396
ml/datasets/fruit_dataset_26/images/train/loquat_Image_32.jpg,loquat,vision_people_without_fruit_signal,vision_people_0.917,manual_review,Vision top labels: people=0.917; adult=0.917; land=0.891; outdoor=0.891; grass=0.891
ml/datasets/fruit_dataset_26/images/train/loquat_Image_34.jpg,loquat,vision_people_without_fruit_signal,vision_people_0.847,manual_review,Vision top labels: people=0.847; adult=0.847; interior_room=0.657; interior_shop=0.657; container=0.329
ml/datasets/fruit_dataset_26/images/train/loquat_Image_51.jpg,loquat,vision_people_without_fruit_signal,vision_people_0.798,manual_review,Vision top labels: recreation=0.968; sport=0.967; ballgames=0.967; baseball=0.967; outdoor=0.848
ml/datasets/fruit_dataset_26/images/train/loquat_Image_52.jpg,loquat,vision_people_without_fruit_signal,vision_people_0.896,manual_review,Vision top labels: people=0.896; adult=0.896; recreation=0.433; sport=0.433; ballgames=0.432
ml/datasets/fruit_dataset_26/images/train/loquat_Image_59.jpg,loquat,vision_nonfruit_signal,vision_clothing_0.682,manual_review,Vision top labels: recreation=0.881; sport=0.881; ballgames=0.874; baseball=0.874; clothing=0.682
ml/datasets/fruit_dataset_26/images/train/lychee_Image_19.jpg,lychee,vision_people_without_fruit_signal,vision_people_0.812,manual_review,Vision top labels: people=0.812; adult=0.812; celebration=0.383; costume=0.383; clothing=0.238
ml/datasets/fruit_dataset_26/images/train/lychee_Image_23.jpg,lychee,vision_people_without_fruit_signal,vision_people_0.808,manual_review,Vision top labels: material=0.924; brick=0.924; art=0.827; illustrations=0.827; people=0.808
ml/datasets/fruit_dataset_26/images/train/lychee_Image_26.jpg,lychee,vision_people_without_fruit_signal,vision_people_0.786,manual_review,Vision top labels: people=0.786; adult=0.786; headphones=0.553; art=0.434; illustrations=0.433
ml/datasets/fruit_dataset_26/images/train/lychee_Image_27.jpg,lychee,vision_people_without_fruit_signal,vision_people_0.827,manual_review,Vision top labels: people=0.827; adult=0.827; celebration=0.748; costume=0.748; clothing=0.350
ml/datasets/fruit_dataset_26/images/train/lychee_Image_28.jpg,lychee,vision_people_without_fruit_signal,vision_people_0.787,manual_review,Vision top labels: people=0.787; adult=0.787; clothing=0.469; jacket=0.469; celebration=0.462
ml/datasets/fruit_dataset_26/images/train/lychee_Image_29.jpg,lychee,vision_people_without_fruit_signal,vision_people_0.671,manual_review,Vision top labels: adult=0.671; people=0.671; art=0.392; illustrations=0.392; sign=0.386
ml/datasets/fruit_dataset_26/images/train/lychee_Image_3.jpg,lychee,vision_people_without_fruit_signal,vision_people_0.725,manual_review,Vision top labels: people=0.725; adult=0.725; structure=0.305; conveyance=0.305; portal=0.305
ml/datasets/fruit_dataset_26/images/train/lychee_Image_32.jpg,lychee,vision_nonfruit_signal,vision_document_0.588,manual_review,Vision top labels: document=0.588; screenshot=0.580; people=0.375; adult=0.375; printed_page=0.295
ml/datasets/fruit_dataset_26/images/train/lychee_Image_35.jpg,lychee,vision_nonfruit_signal,vision_art_0.846,manual_review,Vision top labels: art=0.846; illustrations=0.846; document=0.041; printed_page=0.041; people=0.020
ml/datasets/fruit_dataset_26/images/train/lychee_Image_45.jpg,lychee,vision_nonfruit_signal,vision_animal_0.797,manual_review,Vision top labels: animal=0.797; cat=0.797; feline=0.797; mammal=0.797; adult_cat=0.797
ml/datasets/fruit_dataset_26/images/train/lychee_Image_5.jpg,lychee,vision_people_without_fruit_signal,vision_people_0.876,manual_review,Vision top labels: people=0.876; adult=0.875; celebration=0.640; costume=0.640; structure=0.437
ml/datasets/fruit_dataset_26/images/train/lychee_Image_54.jpg,lychee,vision_nonfruit_signal,vision_animal_0.844,manual_review,Vision top labels: animal=0.844; mammal=0.844; outdoor=0.172; land=0.172; grass=0.172
ml/datasets/fruit_dataset_26/images/train/lychee_Image_60.jpg,lychee,vision_nonfruit_signal,vision_animal_0.775,manual_review,Vision top labels: animal=0.775; mammal=0.775; grass=0.773; land=0.773; outdoor=0.773
ml/datasets/fruit_dataset_26/images/train/plum_Image_1.jpg,plum,vision_people_without_fruit_signal,vision_people_0.714,manual_review,Vision top labels: people=0.714; adult=0.713; clothing=0.509; bathrobe=0.509; teen=0.302
ml/datasets/fruit_dataset_26/images/train/plum_Image_11.jpg,plum,vision_people_without_fruit_signal,vision_people_0.852,manual_review,Vision top labels: adult=0.852; people=0.852; clothing=0.709; suit=0.707; structure=0.509
ml/datasets/fruit_dataset_26/images/train/plum_Image_14.jpg,plum,vision_people_without_fruit_signal,vision_people_0.700,manual_review,Vision top labels: people=0.700; adult=0.700; sign=0.203; structure=0.203; child=0.152
ml/datasets/fruit_dataset_26/images/train/plum_Image_16.jpg,plum,vision_people_without_fruit_signal,vision_people_0.868,manual_review,Vision top labels: adult=0.868; people=0.868; sign=0.583; structure=0.583; art=0.156
ml/datasets/fruit_dataset_26/images/train/plum_Image_17.jpg,plum,vision_people_without_fruit_signal,vision_people_0.814,manual_review,Vision top labels: adult=0.814; people=0.814; structure=0.457; sign=0.457; art=0.114
ml/datasets/fruit_dataset_26/images/train/plum_Image_19.jpg,plum,vision_people_without_fruit_signal,vision_people_0.627,manual_review,Vision top labels: adult=0.627; people=0.627; sign=0.278; structure=0.278; art=0.166
ml/datasets/fruit_dataset_26/images/train/plum_Image_20.jpg,plum,vision_people_without_fruit_signal,vision_people_0.586,manual_review,Vision top labels: people=0.586; adult=0.586; sign=0.440; structure=0.440; tool=0.034
ml/datasets/fruit_dataset_26/images/train/plum_Image_31.jpg,plum,vision_people_without_fruit_signal,vision_people_0.646,manual_review,Vision top labels: people=0.646; adult=0.646; sign=0.379; structure=0.379; clothing=0.379
ml/datasets/fruit_dataset_26/images/train/plum_Image_36.jpg,plum,vision_people_without_fruit_signal,vision_people_0.879,manual_review,Vision top labels: people=0.879; adult=0.879; art=0.081; decoration=0.081; jewelry=0.081
ml/datasets/fruit_dataset_26/images/train/plum_Image_6.jpg,plum,vision_people_without_fruit_signal,vision_people_0.840,manual_review,Vision top labels: adult=0.840; people=0.840; clothing=0.413; suit=0.413; structure=0.308
ml/datasets/fruit_dataset_26/images/train/plum_Image_7.jpg,plum,vision_people_without_fruit_signal,vision_people_0.580,manual_review,Vision top labels: people=0.580; adult=0.580; sign=0.433; structure=0.433; art=0.112
ml/datasets/fruit_dataset_26/images/train/pomegranate_Image_11.jpg,pomegranate,vision_people_without_fruit_signal,vision_people_0.804,manual_review,Vision top labels: adult=0.804; people=0.804; document=0.369; screenshot=0.369; art=0.118
ml/datasets/fruit_dataset_26/images/train/pomegranate_Image_14.jpg,pomegranate,vision_nonfruit_signal,vision_art_0.813,manual_review,Vision top labels: art=0.813; illustrations=0.812; people=0.157; adult=0.139; child=0.125
ml/datasets/fruit_dataset_26/images/train/pomegranate_Image_22.jpg,pomegranate,vision_nonfruit_signal,vision_art_0.827,manual_review,Vision top labels: art=0.827; illustrations=0.827; document=0.390; map=0.382; printed_page=0.214
ml/datasets/fruit_dataset_26/images/train/pomegranate_Image_26.jpg,pomegranate,vision_nonfruit_signal,vision_art_0.857,manual_review,Vision top labels: art=0.857; illustrations=0.857; animal=0.449; mammal=0.449; ungulates=0.449
ml/datasets/fruit_dataset_26/images/train/pomegranate_Image_27.jpg,pomegranate,vision_nonfruit_signal,vision_art_0.882,manual_review,Vision top labels: art=0.882; illustrations=0.882; document=0.392; printed_page=0.392; animal=0.126
ml/datasets/fruit_dataset_26/images/train/pomegranate_Image_57.jpg,pomegranate,vision_nonfruit_signal,vision_art_0.943,manual_review,Vision top labels: art=0.943; illustrations=0.943; people=0.037; adult=0.037; painting=0.028
ml/datasets/fruit_dataset_26/images/train/pomegranate_Image_59.jpg,pomegranate,vision_nonfruit_signal,vision_art_0.871,manual_review,Vision top labels: art=0.871; illustrations=0.871; animal=0.032; jellyfish=0.031; liquid=0.018
ml/datasets/fruit_dataset_26/images/train/pomelo_Image_51.jpg,pomelo,vision_people_without_fruit_signal,vision_people_0.798,manual_review,Vision top labels: people=0.798; adult=0.798; structure=0.581; sign=0.581; art=0.511
ml/datasets/fruit_dataset_26/images/train/pomelo_Image_57.jpg,pomelo,vision_people_without_fruit_signal,vision_people_0.656,manual_review,Vision top labels: people=0.656; adult=0.656; celebration=0.513; ceremony=0.513; wedding=0.513
ml/datasets/fruit_dataset_26/images/train/pomelo_Image_58.jpg,pomelo,vision_people_without_fruit_signal,vision_people_0.839,manual_review,Vision top labels: people=0.839; adult=0.834; microphone=0.702; performance=0.378; recreation=0.378
ml/datasets/fruit_dataset_26/images/val/000000016629.jpg,pear,vision_people_without_fruit_signal,vision_people_0.899,manual_review,Vision top labels: people=0.899; adult=0.896; structure=0.719; outdoor=0.718; building=0.718
ml/datasets/fruit_dataset_26/images/val/000000020925.jpg,apple,vision_people_without_fruit_signal,vision_people_0.809,manual_review,Vision top labels: document=0.875; consumer_electronics=0.818; machine=0.818; computer=0.818; laptop=0.818
ml/datasets/fruit_dataset_26/images/val/000000026319.jpg,pear,vision_nonfruit_signal,vision_vehicle_0.698,manual_review,Vision top labels: machine=0.810; wheel=0.709; automobile=0.698; vehicle=0.698; rim=0.675
ml/datasets/fruit_dataset_26/images/val/000000031922.jpg,pear|persimmon,vision_people_without_fruit_signal,vision_people_0.945,manual_review,Vision top labels: people=0.945; adult=0.945; tableware=0.663; utensil=0.663; plate=0.661
ml/datasets/fruit_dataset_26/images/val/000000035741.jpg,apple|orange|pear,vision_people_without_fruit_signal,vision_people_0.903,manual_review,Vision top labels: interior_room=0.917; interior_shop=0.917; machine=0.911; vehicle=0.911; cart=0.911
ml/datasets/fruit_dataset_26/images/val/000000039315.jpg,orange,vision_nonfruit_signal,vision_art_0.876,manual_review,Vision top labels: art=0.876; painting=0.876; utensil=0.248; tableware=0.248; bowl=0.242
ml/datasets/fruit_dataset_26/images/val/000000057217.jpg,apple,vision_people_without_fruit_signal,vision_people_0.849,manual_review,Vision top labels: people=0.849; adult=0.849; structure=0.843; interior_room=0.840; restaurant=0.840
ml/datasets/fruit_dataset_26/images/val/000000061826.jpg,orange,vision_nonfruit_signal,vision_furniture_0.605,manual_review,Vision top labels: structure=0.851; wood_processed=0.819; material=0.721; textile=0.721; furniture=0.605
ml/datasets/fruit_dataset_26/images/val/000000064799.jpg,mango,vision_people_without_fruit_signal,vision_people_0.846,manual_review,Vision top labels: people=0.846; adult=0.846; toy=0.489; stuffed_animals=0.489; material=0.294
ml/datasets/fruit_dataset_26/images/val/000000073568.jpg,persimmon,vision_people_without_fruit_signal,vision_people_0.920,manual_review,Vision top labels: structure=0.940; wood_processed=0.921; people=0.920; adult=0.920; clothing=0.875
ml/datasets/fruit_dataset_26/images/val/000000080853.jpg,apple,vision_nonfruit_signal,vision_furniture_0.864,manual_review,Vision top labels: structure=0.949; wood_processed=0.869; furniture=0.864; cabinet=0.864; container=0.827
ml/datasets/fruit_dataset_26/images/val/000000082418.jpg,apple,vision_nonfruit_signal,vision_animal_0.666,manual_review,Vision top labels: animal=0.666; cat=0.666; feline=0.666; mammal=0.666; adult_cat=0.666
ml/datasets/fruit_dataset_26/images/val/000000086011.jpg,apple,vision_people_without_fruit_signal,vision_people_0.898,manual_review,Vision top labels: computer=0.974; consumer_electronics=0.974; laptop=0.974; machine=0.974; people=0.898
ml/datasets/fruit_dataset_26/images/val/000000089052.jpg,apple,vision_people_without_fruit_signal,vision_people_0.528,manual_review,Vision top labels: drink=0.975; liquid=0.975; juice=0.975; tableware=0.957; utensil=0.957
ml/datasets/fruit_dataset_26/images/val/000000090516.jpg,pear,vision_people_without_fruit_signal,vision_people_0.776,manual_review,Vision top labels: people=0.776; child=0.766; baby=0.412; material=0.349; textile=0.349
ml/datasets/fruit_dataset_26/images/val/000000101814.jpg,persimmon,vision_people_without_fruit_signal,vision_people_0.781,manual_review,Vision top labels: structure=0.954; wood_processed=0.932; people=0.781; adult=0.781; furniture=0.739
ml/datasets/fruit_dataset_26/images/val/000000123083.jpg,apple,vision_nonfruit_signal,vision_bedding_0.854,exclude_from_training,Vision top labels: bedding=0.854; housewares=0.854; computer=0.500; consumer_electronics=0.500; laptop=0.500
ml/datasets/fruit_dataset_26/images/val/000000128334.jpg,pear,vision_people_without_fruit_signal,vision_people_0.932,manual_review,Vision top labels: people=0.932; adult=0.932; tableware=0.910; utensil=0.910; structure=0.898
ml/datasets/fruit_dataset_26/images/val/000000140188.jpg,persimmon,vision_people_without_fruit_signal,vision_people_0.897,manual_review,Vision top labels: people=0.897; adult=0.897; eyeglasses=0.816; optical_equipment=0.816; clothing=0.577
ml/datasets/fruit_dataset_26/images/val/000000140936.jpg,apple,vision_nonfruit_signal,vision_computer_0.683,manual_review,Vision top labels: machine=0.685; consumer_electronics=0.683; computer=0.683; structure=0.645; conveyance=0.624
ml/datasets/fruit_dataset_26/images/val/000000143040.jpg,pear,vision_nonfruit_signal,vision_furniture_0.803,manual_review,Vision top labels: container=0.892; basket_container=0.892; structure=0.806; furniture=0.803; cabinet=0.803
ml/datasets/fruit_dataset_26/images/val/000000145180.jpg,grape,vision_people_without_fruit_signal,vision_people_0.882,manual_review,Vision top labels: machine=0.886; appliance=0.886; refrigerator=0.886; adult=0.882; people=0.882
ml/datasets/fruit_dataset_26/images/val/000000148176.jpg,orange,vision_people_without_fruit_signal,vision_people_0.765,manual_review,Vision top labels: people=0.765; child=0.765; structure=0.240; wood_processed=0.220; furniture=0.176
ml/datasets/fruit_dataset_26/images/val/000000151546.jpg,persimmon,vision_nonfruit_signal,vision_art_0.864,manual_review,Vision top labels: utensil=0.873; tableware=0.873; art=0.864; decoration=0.864; polka_dots=0.864
ml/datasets/fruit_dataset_26/images/val/000000156685.jpg,pear,vision_people_without_fruit_signal,vision_people_0.874,manual_review,Vision top labels: people=0.874; adult=0.874; structure=0.689; wood_processed=0.670; clothing=0.499
ml/datasets/fruit_dataset_26/images/val/000000161941.jpg,pear,vision_nonfruit_signal,vision_furniture_0.804,manual_review,Vision top labels: structure=0.934; wood_processed=0.814; furniture=0.804; cabinet=0.797; conveyance=0.718
ml/datasets/fruit_dataset_26/images/val/000000163579.jpg,apple,vision_nonfruit_signal,vision_computer_0.864,exclude_from_training,Vision top labels: machine=0.864; computer=0.864; consumer_electronics=0.864; computer_keyboard=0.816; computer_mouse=0.672
ml/datasets/fruit_dataset_26/images/val/000000165610.jpg,pear|persimmon,vision_nonfruit_signal,vision_furniture_0.819,manual_review,Vision top labels: utensil=0.888; tableware=0.888; structure=0.877; plate=0.835; furniture=0.819
ml/datasets/fruit_dataset_26/images/val/000000170053.jpg,strawberry,vision_people_without_fruit_signal,vision_people_0.848,manual_review,Vision top labels: people=0.848; adult=0.848; structure=0.818; furniture=0.806; table=0.806
ml/datasets/fruit_dataset_26/images/val/000000170976.jpg,pear,vision_nonfruit_signal,vision_furniture_0.807,manual_review,Vision top labels: structure=0.870; cabinet=0.807; furniture=0.807; appliance=0.780; machine=0.780
ml/datasets/fruit_dataset_26/images/val/000000171408.jpg,mango,vision_nonfruit_signal,vision_furniture_0.691,manual_review,Vision top labels: material=0.696; structure=0.692; furniture=0.691; sofa=0.690; curtain=0.672
ml/datasets/fruit_dataset_26/images/val/000000172509.jpg,kiwi,vision_nonfruit_signal,vision_furniture_0.768,manual_review,Vision top labels: material=0.895; textile=0.895; structure=0.768; furniture=0.768; table=0.768
ml/datasets/fruit_dataset_26/images/val/000000177404.jpg,apple,vision_nonfruit_signal,vision_computer_0.928,exclude_from_training,Vision top labels: consumer_electronics=0.928; machine=0.928; computer=0.928; laptop=0.928; material=0.894
ml/datasets/fruit_dataset_26/images/val/000000182516.jpg,apple,vision_people_without_fruit_signal,vision_people_0.783,manual_review,Vision top labels: consumer_electronics=0.898; machine=0.898; computer=0.898; laptop=0.898; people=0.783
ml/datasets/fruit_dataset_26/images/val/000000186734.jpg,apple,vision_nonfruit_signal,vision_furniture_0.704,manual_review,Vision top labels: structure=0.954; wood_processed=0.938; furniture=0.704; table=0.704; cord=0.654
ml/datasets/fruit_dataset_26/images/val/000000186933.jpg,persimmon,vision_people_without_fruit_signal,vision_people_0.846,manual_review,Vision top labels: people=0.846; adult=0.846; structure=0.718; wood_processed=0.674; utensil=0.641
ml/datasets/fruit_dataset_26/images/val/000000186952.jpg,orange,vision_people_without_fruit_signal,vision_people_0.472,manual_review,Vision top labels: structure=0.474; people=0.472; adult=0.472; outdoor=0.440; machine=0.437
ml/datasets/fruit_dataset_26/images/val/000000197805.jpg,apple,vision_nonfruit_signal,vision_computer_0.912,exclude_from_training,Vision top labels: machine=0.912; computer=0.912; consumer_electronics=0.912; computer_monitor=0.874; computer_keyboard=0.715
ml/datasets/fruit_dataset_26/images/val/000000199177.jpg,pear,vision_people_without_fruit_signal,vision_people_0.760,manual_review,Vision top labels: people=0.760; adult=0.760; material=0.354; textile=0.354; container=0.286
ml/datasets/fruit_dataset_26/images/val/000000200654.jpg,pear,vision_nonfruit_signal,vision_furniture_0.694,manual_review,Vision top labels: appliance=0.780; machine=0.780; stove=0.754; structure=0.737; cabinet=0.694
ml/datasets/fruit_dataset_26/images/val/000000206107.jpg,mango,vision_people_without_fruit_signal,vision_people_0.526,manual_review,Vision top labels: structure=0.924; furniture=0.924; crib=0.924; toy=0.916; stuffed_animals=0.916
ml/datasets/fruit_dataset_26/images/val/000000212197.jpg,pear,vision_people_without_fruit_signal,vision_people_0.914,manual_review,Vision top labels: people=0.914; adult=0.914; structure=0.836; furniture=0.830; table=0.830
ml/datasets/fruit_dataset_26/images/val/000000223719.jpg,pear|coconut,vision_people_without_fruit_signal,vision_people_0.678,manual_review,Vision top labels: people=0.678; adult=0.678; fishing=0.366; recreation=0.366; container=0.283
ml/datasets/fruit_dataset_26/images/val/000000226559.jpg,apple|orange,vision_nonfruit_signal,vision_furniture_0.911,manual_review,Vision top labels: structure=0.963; furniture=0.911; cabinet=0.911; wood_processed=0.863; interior_room=0.751
ml/datasets/fruit_dataset_26/images/val/000000227441.jpg,apple|pear,vision_people_without_fruit_signal,vision_people_0.738,manual_review,Vision top labels: people=0.738; adult=0.736; structure=0.523; domicile=0.515; tent=0.515
ml/datasets/fruit_dataset_26/images/val/000000230817.jpg,apple,vision_people_without_fruit_signal,vision_people_0.618,manual_review,Vision top labels: machine=0.820; consumer_electronics=0.820; adult=0.618; people=0.618; recreation=0.457
ml/datasets/fruit_dataset_26/images/val/000000231164.jpg,orange,vision_nonfruit_signal,vision_computer_0.853,exclude_from_training,Vision top labels: machine=0.853; consumer_electronics=0.853; computer=0.853; computer_monitor=0.831; structure=0.783
ml/datasets/fruit_dataset_26/images/val/000000243796.jpg,apple,vision_people_without_fruit_signal,vision_people_0.923,manual_review,Vision top labels: consumer_electronics=0.927; machine=0.927; computer=0.927; laptop=0.926; people=0.923
ml/datasets/fruit_dataset_26/images/val/000000243959.jpg,strawberry,vision_people_without_fruit_signal,vision_people_0.950,manual_review,Vision top labels: people=0.950; adult=0.950; clothing=0.828; jeans=0.827; structure=0.513
ml/datasets/fruit_dataset_26/images/val/000000247351.jpg,apple,vision_nonfruit_signal,vision_furniture_0.567,manual_review,Vision top labels: structure=0.891; wood_processed=0.876; cord=0.745; furniture=0.567; table=0.567
ml/datasets/fruit_dataset_26/images/val/000000256720.jpg,orange|pear,vision_people_without_fruit_signal,vision_people_0.946,manual_review,Vision top labels: people=0.946; outdoor=0.918; sky=0.917; crowd=0.867; adult=0.858
ml/datasets/fruit_dataset_26/images/val/000000265356.jpg,pear,vision_people_without_fruit_signal,vision_people_0.905,manual_review,Vision top labels: people=0.905; adult=0.904; clothing=0.881; jeans=0.878; land=0.726
ml/datasets/fruit_dataset_26/images/val/000000272670.jpg,orange,vision_nonfruit_signal,vision_furniture_0.789,manual_review,Vision top labels: structure=0.916; wood_processed=0.847; furniture=0.789; table=0.789; utensil=0.557
ml/datasets/fruit_dataset_26/images/val/000000286519.jpg,apple,vision_people_without_fruit_signal,vision_people_0.575,manual_review,Vision top labels: structure=0.608; wood_processed=0.607; people=0.575; adult=0.575; consumer_electronics=0.528
ml/datasets/fruit_dataset_26/images/val/000000287737.jpg,apple,vision_people_without_fruit_signal,vision_people_0.928,manual_review,Vision top labels: people=0.928; adult=0.928; structure=0.880; wood_processed=0.832; clothing=0.685
ml/datasets/fruit_dataset_26/images/val/000000287914.jpg,pear,vision_people_without_fruit_signal,vision_people_0.884,manual_review,Vision top labels: people=0.884; adult=0.884; structure=0.357; wood_processed=0.346; material=0.227
ml/datasets/fruit_dataset_26/images/val/000000296843.jpg,pear,vision_nonfruit_signal,vision_furniture_0.805,manual_review,Vision top labels: utensil=0.928; tableware=0.928; plate=0.925; structure=0.833; furniture=0.805
ml/datasets/fruit_dataset_26/images/val/000000308522.jpg,pear,vision_people_without_fruit_signal,vision_people_0.719,manual_review,Vision top labels: people=0.719; adult=0.719; clothing=0.404; jeans=0.403; material=0.197
ml/datasets/fruit_dataset_26/images/val/000000308798.jpg,persimmon,vision_nonfruit_signal,vision_furniture_0.782,manual_review,Vision top labels: structure=0.971; wood_processed=0.907; conveyance=0.817; portal=0.817; door=0.817
ml/datasets/fruit_dataset_26/images/val/000000314292.jpg,apple,vision_people_without_fruit_signal,vision_people_0.732,manual_review,Vision top labels: people=0.732; adult=0.731; structure=0.448; fence=0.448; animal=0.425
ml/datasets/fruit_dataset_26/images/val/000000315411.jpg,persimmon,vision_people_without_fruit_signal,vision_people_0.933,manual_review,Vision top labels: structure=0.943; people=0.933; adult=0.933; wood_processed=0.927; utensil=0.799
ml/datasets/fruit_dataset_26/images/val/000000316026.jpg,pear,vision_nonfruit_signal,vision_furniture_0.875,manual_review,Vision top labels: structure=0.952; furniture=0.875; cabinet=0.875; wood_processed=0.867; material=0.856
ml/datasets/fruit_dataset_26/images/val/000000326293.jpg,pear,vision_nonfruit_signal,vision_furniture_0.807,manual_review,Vision top labels: appliance=0.885; machine=0.885; structure=0.809; furniture=0.807; cabinet=0.807
ml/datasets/fruit_dataset_26/images/val/000000327717.jpg,orange,vision_nonfruit_signal,vision_art_0.566,manual_review,Vision top labels: art=0.566; statue=0.550; material=0.509; textile=0.509; structure=0.368
ml/datasets/fruit_dataset_26/images/val/000000329134.jpg,apple,vision_nonfruit_signal,vision_computer_0.555,manual_review,Vision top labels: consumer_electronics=0.555; machine=0.555; computer=0.555; laptop=0.555; clothing=0.381
ml/datasets/fruit_dataset_26/images/val/000000329623.jpg,pear,vision_nonfruit_signal,vision_furniture_0.700,manual_review,Vision top labels: grass=0.827; land=0.827; outdoor=0.827; structure=0.701; furniture=0.700
ml/datasets/fruit_dataset_26/images/val/000000331457.jpg,grape,vision_people_without_fruit_signal,vision_people_0.928,manual_review,Vision top labels: people=0.928; adult=0.928; structure=0.512; wood_natural=0.422; container=0.402
ml/datasets/fruit_dataset_26/images/val/000000334840.jpg,apple,vision_people_without_fruit_signal,vision_people_0.579,manual_review,Vision top labels: structure=0.920; outdoor=0.857; sky=0.857; blue_sky=0.823; cloudy=0.620
ml/datasets/fruit_dataset_26/images/val/000000339491.jpg,pear,vision_people_without_fruit_signal,vision_people_0.910,manual_review,Vision top labels: people=0.910; adult=0.910; utensil=0.793; cutting_board=0.792; clothing=0.615
ml/datasets/fruit_dataset_26/images/val/000000343104.jpg,orange,vision_people_without_fruit_signal,vision_people_0.735,manual_review,Vision top labels: people=0.735; material=0.732; textile=0.732; adult=0.725; utensil=0.700
ml/datasets/fruit_dataset_26/images/val/000000345399.jpg,pear,vision_people_without_fruit_signal,vision_people_0.925,manual_review,Vision top labels: structure=0.944; wood_processed=0.943; clothing=0.927; jeans=0.927; people=0.925
ml/datasets/fruit_dataset_26/images/val/000000345455.jpg,pear,vision_people_without_fruit_signal,vision_people_0.933,manual_review,Vision top labels: outdoor=0.958; sky=0.958; people=0.933; adult=0.933; blue_sky=0.904
ml/datasets/fruit_dataset_26/images/val/000000347139.jpg,apple,vision_people_without_fruit_signal,vision_people_0.926,manual_review,Vision top labels: people=0.926; adult=0.926; structure=0.390; sign=0.331; wood_processed=0.325
ml/datasets/fruit_dataset_26/images/val/000000347300.jpg,apple,vision_nonfruit_signal,vision_furniture_0.785,manual_review,Vision top labels: structure=0.816; furniture=0.785; cabinet=0.749; material=0.744; textile=0.743
ml/datasets/fruit_dataset_26/images/val/000000351166.jpg,pear,vision_people_without_fruit_signal,vision_people_0.628,manual_review,Vision top labels: tableware=0.872; utensil=0.872; bowl=0.853; people=0.628; child=0.626
ml/datasets/fruit_dataset_26/images/val/000000353590.jpg,apple,vision_people_without_fruit_signal,vision_people_0.753,manual_review,Vision top labels: people=0.753; adult=0.751; consumer_electronics=0.633; machine=0.633; computer=0.633
ml/datasets/fruit_dataset_26/images/val/000000357108.jpg,apple,vision_nonfruit_signal,vision_animal_0.702,manual_review,Vision top labels: animal=0.702; bird=0.702; parakeet=0.699; parrot=0.257; material=0.022
ml/datasets/fruit_dataset_26/images/val/000000366733.jpg,apple,vision_nonfruit_signal,vision_furniture_0.723,manual_review,Vision top labels: appliance=0.919; machine=0.919; refrigerator=0.919; structure=0.724; cabinet=0.723
ml/datasets/fruit_dataset_26/images/val/000000366925.jpg,pear,vision_people_without_fruit_signal,vision_people_0.958,manual_review,Vision top labels: adult=0.958; people=0.958; machine=0.834; computer=0.834; consumer_electronics=0.834
ml/datasets/fruit_dataset_26/images/val/000000369936.jpg,pear,vision_people_without_fruit_signal,vision_people_0.509,manual_review,Vision top labels: people=0.509; adult=0.501; material=0.427; textile=0.427; bedding=0.385
ml/datasets/fruit_dataset_26/images/val/000000377476.jpg,apple,vision_people_without_fruit_signal,vision_people_0.939,manual_review,Vision top labels: people=0.939; child=0.939; structure=0.611; furniture=0.591; table=0.591
ml/datasets/fruit_dataset_26/images/val/000000380116.jpg,apple,vision_nonfruit_signal,vision_computer_0.577,manual_review,Vision top labels: structure=0.714; wood_processed=0.670; machine=0.578; consumer_electronics=0.577; computer=0.577
ml/datasets/fruit_dataset_26/images/val/000000380918.jpg,pear,vision_people_without_fruit_signal,vision_people_0.487,manual_review,Vision top labels: people=0.487; adult=0.436; structure=0.292; furniture=0.292; armchair=0.280
ml/datasets/fruit_dataset_26/images/val/000000386796.jpg,persimmon,vision_people_without_fruit_signal,vision_people_0.798,manual_review,Vision top labels: outdoor=0.947; land=0.947; grass=0.944; people=0.798; adult=0.798
ml/datasets/fruit_dataset_26/images/val/000000392793.jpg,strawberry,vision_people_without_fruit_signal,vision_people_0.799,manual_review,Vision top labels: animal=0.925; horse=0.925; mammal=0.925; ungulates=0.925; people=0.799
ml/datasets/fruit_dataset_26/images/val/000000394209.jpg,strawberry,vision_people_without_fruit_signal,vision_people_0.843,manual_review,Vision top labels: people=0.843; adult=0.843; appliance=0.814; machine=0.814; refrigerator=0.814
ml/datasets/fruit_dataset_26/images/val/000000394658.jpg,apple,vision_people_without_fruit_signal,vision_people_0.754,manual_review,Vision top labels: people=0.754; adult=0.754; material=0.239; textile=0.239; structure=0.219
ml/datasets/fruit_dataset_26/images/val/000000406263.jpg,pear,vision_people_without_fruit_signal,vision_people_0.666,manual_review,Vision top labels: clothing=0.830; headgear=0.830; people=0.666; adult=0.666; structure=0.214
ml/datasets/fruit_dataset_26/images/val/000000408838.jpg,persimmon,vision_people_without_fruit_signal,vision_people_0.903,manual_review,Vision top labels: people=0.903; adult=0.890; structure=0.763; wood_processed=0.758; container=0.667
ml/datasets/fruit_dataset_26/images/val/000000413160.jpg,pear,vision_people_without_fruit_signal,vision_people_0.866,manual_review,Vision top labels: people=0.866; adult=0.796; outdoor=0.736; sky=0.736; cloudy=0.729
ml/datasets/fruit_dataset_26/images/val/000000414539.jpg,apple|pear|mango,vision_nonfruit_signal,vision_furniture_0.766,manual_review,Vision top labels: appliance=0.896; machine=0.896; structure=0.895; refrigerator=0.893; wood_processed=0.821
ml/datasets/fruit_dataset_26/images/val/000000417446.jpg,apple,vision_people_without_fruit_signal,vision_people_0.887,manual_review,Vision top labels: structure=0.951; outdoor=0.925; sky=0.905; cloudy=0.905; bridge=0.902
ml/datasets/fruit_dataset_26/images/val/000000420713.jpg,pear|peach|grape,vision_fruit_class_disagreement,vision_apple_0.826,manual_review,Vision top labels: food=0.883; fruit=0.874; apple=0.826; structure=0.795; wood_processed=0.794
ml/datasets/fruit_dataset_26/images/val/000000422611.jpg,strawberry,vision_nonfruit_signal,vision_furniture_0.946,manual_review,Vision top labels: structure=0.986; tableware=0.954; utensil=0.954; furniture=0.946; table=0.946
ml/datasets/fruit_dataset_26/images/val/000000426548.jpg,apple,vision_nonfruit_signal,vision_furniture_0.709,manual_review,Vision top labels: structure=0.969; material=0.915; curtain=0.909; wood_processed=0.899; conveyance=0.804
ml/datasets/fruit_dataset_26/images/val/000000431201.jpg,strawberry,vision_nonfruit_signal,vision_clothing_0.630,manual_review,Vision top labels: recreation=0.804; sport=0.804; sports_equipment=0.804; racquet=0.804; grass=0.691
ml/datasets/fruit_dataset_26/images/val/000000431671.jpg,pear,vision_nonfruit_signal,vision_computer_0.959,exclude_from_training,Vision top labels: machine=0.959; consumer_electronics=0.959; computer=0.959; structure=0.921; computer_monitor=0.891
ml/datasets/fruit_dataset_26/images/val/000000433607.jpg,persimmon,vision_nonfruit_signal,vision_furniture_0.651,manual_review,Vision top labels: structure=0.767; conveyance=0.658; portal=0.658; window=0.658; furniture=0.651
ml/datasets/fruit_dataset_26/images/val/000000438762.jpg,apple,vision_people_without_fruit_signal,vision_people_0.599,manual_review,Vision top labels: structure=0.922; wood_processed=0.914; people=0.599; machine=0.590; consumer_electronics=0.590
ml/datasets/fruit_dataset_26/images/val/000000444233.jpg,apple,vision_nonfruit_signal,vision_furniture_0.831,manual_review,Vision top labels: structure=0.918; furniture=0.831; lamp=0.824; light=0.824; wood_processed=0.816
ml/datasets/fruit_dataset_26/images/val/000000445233.jpg,persimmon,vision_people_without_fruit_signal,vision_people_0.929,manual_review,Vision top labels: people=0.929; adult=0.929; utensil=0.760; tableware=0.756; drinking_glass=0.751
ml/datasets/fruit_dataset_26/images/val/000000451515.jpg,pear,vision_nonfruit_signal,vision_animal_0.571,manual_review,Vision top labels: animal=0.571; mammal=0.571; cat=0.571; feline=0.571; adult_cat=0.571
ml/datasets/fruit_dataset_26/images/val/000000451707.jpg,grape,vision_people_without_fruit_signal,vision_people_0.934,manual_review,Vision top labels: people=0.934; adult=0.933; clothing=0.768; suit=0.768; art=0.659
ml/datasets/fruit_dataset_26/images/val/000000453998.jpg,pear,vision_nonfruit_signal,vision_furniture_0.602,manual_review,Vision top labels: structure=0.602; furniture=0.602; seat=0.602; material=0.364; textile=0.364
ml/datasets/fruit_dataset_26/images/val/000000457660.jpg,apple,vision_nonfruit_signal,vision_computer_0.864,exclude_from_training,Vision top labels: consumer_electronics=0.864; machine=0.864; computer=0.864; laptop=0.864; utensil=0.546
ml/datasets/fruit_dataset_26/images/val/000000460862.jpg,apple,vision_people_without_fruit_signal,vision_people_0.819,manual_review,Vision top labels: consumer_electronics=0.920; machine=0.920; computer=0.920; laptop=0.919; people=0.819
ml/datasets/fruit_dataset_26/images/val/000000465017.jpg,apple,vision_people_without_fruit_signal,vision_people_0.857,manual_review,Vision top labels: people=0.857; adult=0.857; structure=0.570; balcony=0.522; machine=0.472
ml/datasets/fruit_dataset_26/images/val/000000476605.jpg,pear,vision_people_without_fruit_signal,vision_people_0.503,manual_review,Vision top labels: clothing=0.564; bib=0.521; people=0.503; baby=0.484; material=0.405
ml/datasets/fruit_dataset_26/images/val/000000483557.jpg,pear,vision_people_without_fruit_signal,vision_people_0.825,manual_review,Vision top labels: people=0.825; adult=0.825; outdoor=0.781; land=0.779; grass=0.777
ml/datasets/fruit_dataset_26/images/val/000000483851.jpg,grape,vision_people_without_fruit_signal,vision_people_0.784,manual_review,Vision top labels: tableware=0.941; utensil=0.941; drinking_glass=0.884; plate=0.816; people=0.784
ml/datasets/fruit_dataset_26/images/val/000000486543.jpg,apple,vision_nonfruit_signal,vision_furniture_0.828,manual_review,Vision top labels: structure=0.894; furniture=0.828; cabinet=0.828; wood_processed=0.724; conveyance=0.500
ml/datasets/fruit_dataset_26/images/val/000000489785.jpg,mango,vision_people_without_fruit_signal,vision_people_0.860,manual_review,Vision top labels: material=0.917; curtain=0.898; people=0.860; adult=0.859; interior_room=0.855
ml/datasets/fruit_dataset_26/images/val/000000494329.jpg,strawberry,vision_people_without_fruit_signal,vision_people_0.872,manual_review,Vision top labels: utensil=0.981; tableware=0.981; plate=0.938; structure=0.926; wood_processed=0.890
ml/datasets/fruit_dataset_26/images/val/000000506750.jpg,orange,vision_people_without_fruit_signal,vision_people_0.925,manual_review,Vision top labels: people=0.925; adult=0.925; clothing=0.321; structure=0.313; sign=0.312
ml/datasets/fruit_dataset_26/images/val/000000510063.jpg,apple,vision_people_without_fruit_signal,vision_people_0.744,manual_review,Vision top labels: people=0.744; adult=0.744; structure=0.677; furniture=0.676; cabinet=0.676
ml/datasets/fruit_dataset_26/images/val/000000510552.jpg,apple,vision_nonfruit_signal,vision_furniture_0.948,manual_review,Vision top labels: structure=0.986; furniture=0.948; cabinet=0.940; conveyance=0.882; portal=0.882
ml/datasets/fruit_dataset_26/images/val/000000511689.jpg,pear,vision_people_without_fruit_signal,vision_people_0.944,manual_review,Vision top labels: people=0.944; adult=0.944; clothing=0.375; apron=0.366; structure=0.208
ml/datasets/fruit_dataset_26/images/val/000000521982.jpg,strawberry,vision_people_without_fruit_signal,vision_people_0.888,manual_review,Vision top labels: people=0.888; adult=0.888; clothing=0.854; suit=0.849; utensil=0.720
ml/datasets/fruit_dataset_26/images/val/000000523534.jpg,pear,vision_people_without_fruit_signal,vision_people_0.691,manual_review,Vision top labels: structure=0.719; furniture=0.717; high_chair=0.716; people=0.691; baby=0.666
ml/datasets/fruit_dataset_26/images/val/000000523701.jpg,pear,vision_people_without_fruit_signal,vision_people_0.807,manual_review,Vision top labels: people=0.807; adult=0.794; boat=0.513; machine=0.513; vehicle=0.513
ml/datasets/fruit_dataset_26/images/val/000000527267.jpg,pear,vision_people_without_fruit_signal,vision_people_0.799,manual_review,Vision top labels: people=0.799; adult=0.793; material=0.658; textile=0.565; curtain=0.555
ml/datasets/fruit_dataset_26/images/val/000000561947.jpg,strawberry,vision_people_without_fruit_signal,vision_people_0.943,manual_review,Vision top labels: people=0.943; adult=0.943; interior_room=0.320; interior_shop=0.320; structure=0.314
ml/datasets/fruit_dataset_26/images/val/000000563031.jpg,apple,vision_people_without_fruit_signal,vision_people_0.755,manual_review,Vision top labels: people=0.755; baby=0.755; material=0.161; textile=0.161; child=0.138
ml/datasets/fruit_dataset_26/images/val/000000569310.jpg,apple,vision_nonfruit_signal,vision_computer_0.930,exclude_from_training,Vision top labels: consumer_electronics=0.930; machine=0.930; computer=0.930; laptop=0.930; animal=0.757
ml/datasets/fruit_dataset_26/images/val/000000571318.jpg,grape,vision_people_without_fruit_signal,vision_people_0.939,manual_review,Vision top labels: adult=0.939; people=0.939; art=0.806; decoration=0.806; frame=0.806
ml/datasets/fruit_dataset_26/images/val/000000572754.jpg,grape,vision_nonfruit_signal,vision_art_0.839,manual_review,Vision top labels: art=0.839; decoration=0.838; balloon=0.838; structure=0.710; wood_processed=0.698
ml/datasets/fruit_dataset_26/images/val/000000576780.jpg,pear|persimmon,vision_people_without_fruit_signal,vision_people_0.888,manual_review,Vision top labels: people=0.888; adult=0.888; outdoor=0.862; sky=0.856; umbrella=0.852
ml/datasets/fruit_dataset_26/images/val/000000581501.jpg,mango,vision_nonfruit_signal,vision_furniture_0.918,manual_review,Vision top labels: structure=0.960; furniture=0.918; cabinet=0.917; interior_room=0.863; kitchen=0.863
